x, y, th, ts, 
4.759034156799316, 0.9795963764190674, 0.0048803938941936725, 1732833812469913231, 
4.759034156799316, 0.9795963764190674, 0.0048803935940044, 1732833812580701199, 
4.759034156799316, 0.9795963764190674, 0.004880394198760412, 1732833812630743826, 
4.759034156799316, 0.9795963764190674, 0.004880394635847792, 1732833812673773454, 
4.759034156799316, 0.9795963764190674, 0.004880394319914194, 1732833812723683756, 
4.759034156799316, 0.9795963764190674, 0.00488039442607437, 1732833812772580284, 
4.759034156799316, 0.9795963764190674, 0.004880396676633816, 1732833812833059277, 
4.759034156799316, 0.9795963764190674, 0.004880396419305838, 1732833812882959891, 
4.759034156799316, 0.9795963764190674, 0.004880396417912154, 1732833812913784233, 
4.759034156799316, 0.9795963764190674, 0.004880395096158769, 1732833812979928649, 
4.759034156799316, 0.9795963764190674, 0.004880393837491518, 1732833813030709308, 
4.759034156799316, 0.9795963764190674, 0.00488039282231767, 1732833813073667401, 
4.759034156799316, 0.9795963764190674, 0.00488039340304416, 1732833813283681802, 
4.759034156799316, 0.9795963764190674, 0.0048803911261296766, 1732833813379718241, 
4.759034156799316, 0.9795963764190674, 0.004880390342673763, 1732833813473643078, 
4.759034156799316, 0.9795963764190674, 0.004880392217917966, 1732833813573126457, 
4.759034156799316, 0.9795963764190674, 0.004880153990914325, 1732833813683192747, 
4.759034156799316, 0.9795963764190674, 0.004880151057165786, 1732833813780616741, 
4.759034156799316, 0.9795963764190674, 0.004880149381084734, 1732833813873712085, 
4.759034156799316, 0.9795963764190674, 0.004880146507927341, 1732833813973604627, 
4.759034156799316, 0.9795963764190674, 0.004880149737883247, 1732833814070062556, 
4.759034156799316, 0.9795963764190674, 0.004880150574042313, 1732833814180591691, 
4.759034156799316, 0.9795963764190674, 0.004880150375779401, 1732833814273612415, 
4.759034156799316, 0.9795963764190674, 0.004880149401280965, 1732833814323092216, 
4.759034156799316, 0.9795963764190674, 0.004880149626901389, 1732833814630763631, 
4.759034156799316, 0.9795963764190674, 0.004880149599813286, 1732833814673629432, 
4.759034156799316, 0.9795963764190674, 0.004880149345971828, 1732833814773608896, 
4.759034156799316, 0.9795963764190674, 0.004880147228777588, 1732833814833647992, 
4.759034156799316, 0.9795963764190674, 0.004880146232409226, 1732833814980625522, 
4.759034156799316, 0.9795963764190674, 0.0048801461842737, 1732833815073676121, 
4.759034156799316, 0.9795963764190674, 0.0048801467973095805, 1732833815173621836, 
4.759034156799316, 0.9795963764190674, 0.004880144698892725, 1732833815269941556, 
4.759035110473633, 0.9795951247215271, 0.004892784037117969, 1732833815380810833, 
4.762214183807373, 0.9796324968338013, 0.025302930083497172, 1732833815473797793, 
4.766571044921875, 0.9798164963722229, 0.04587004738269084, 1732833815523753893, 
4.78217077255249, 0.9807159304618835, 0.12241050087965263, 1732833815670646143, 
4.790456295013428, 0.9819098114967346, 0.1667818223814134, 1732833815763799599, 
4.800543785095215, 0.9838021397590637, 0.22139685246988525, 1732833815873618449, 
4.809457302093506, 0.9859398603439331, 0.2708849810945674, 1732833815973819036, 
4.819396018981934, 0.9889666438102722, 0.3276989082189859, 1732833816082966985, 
4.82798957824707, 0.9918162226676941, 0.37520177995884596, 1732833816181712068, 
4.833378791809082, 0.9937100410461426, 0.4097448819540747, 1732833816273662663, 
4.833913803100586, 0.9937674403190613, 0.4143485592352385, 1732833816373753526, 
4.833607196807861, 0.9936588406562805, 0.4118169322357649, 1732833816470231533, 
4.83355188369751, 0.9936374425888062, 0.4115868653476548, 1732833816579421550, 
4.833558082580566, 0.9936344623565674, 0.4116390213545707, 1732833816673802425, 
4.836051940917969, 0.9949805736541748, 0.43235578001742603, 1732833816773635968, 
4.845425605773926, 0.9997689723968506, 0.488513786869604, 1732833816883542408, 
4.854149341583252, 1.0044687986373901, 0.5414413178477666, 1732833816980627603, 
4.861506462097168, 1.0089620351791382, 0.5874263840532952, 1732833817073630271, 
4.868932247161865, 1.014095425605774, 0.6357522724850504, 1732833817173584552, 
4.877442836761475, 1.020525574684143, 0.690302568086052, 1732833817283335662, 
4.884402275085449, 1.026297688484192, 0.7393375272488562, 1732833817380816148, 
4.890937805175781, 1.0322962999343872, 0.7865761851908356, 1732833817473662964, 
4.897760391235352, 1.0392476320266724, 0.835687530247663, 1732833817573593245, 
4.904568672180176, 1.0469701290130615, 0.8929708853413219, 1732833817682996644, 
4.91022253036499, 1.0540900230407715, 0.9395958351482969, 1732833817780634154, 
4.915262699127197, 1.0612447261810303, 0.9851720126387323, 1732833817873634436, 
4.920385837554932, 1.0691088438034058, 1.036188754903779, 1732833817973625493, 
4.925813674926758, 1.0782454013824463, 1.0895304346180545, 1732833818083093143, 
4.929912567138672, 1.0864347219467163, 1.1384713236705362, 1732833818180630909, 
4.933685302734375, 1.0944132804870605, 1.1858240473118482, 1732833818273802897, 
4.9371442794799805, 1.1030170917510986, 1.235389461574142, 1732833818373603000, 
4.940004348754883, 1.111555576324463, 1.2857866300686567, 1732833818470171363, 
4.942811965942383, 1.121422529220581, 1.3405417986225034, 1732833818581754856, 
4.9448089599609375, 1.1299632787704468, 1.3871215617305577, 1732833818673645930, 
4.946152210235596, 1.1387412548065186, 1.4367695525327462, 1732833818773771587, 
4.947271347045898, 1.1477463245391846, 1.4848433164472452, 1732833818871178147, 
4.94795036315918, 1.1580018997192383, 1.539981912218634, 1732833818981779309, 
4.948206901550293, 1.1664234399795532, 1.5866829614350093, 1732833819073776617, 
4.948135852813721, 1.1759734153747559, 1.6368856540798848, 1732833819173656459, 
4.947347640991211, 1.1852405071258545, 1.6879809170620965, 1732833819271435954, 
4.946060657501221, 1.1953065395355225, 1.7430500528621171, 1732833819380736054, 
4.944418907165527, 1.2037163972854614, 1.78992315160265, 1732833819473651417, 
4.942259311676025, 1.21271550655365, 1.8404445876794964, 1732833819573608975, 
4.939314842224121, 1.2228143215179443, 1.8945890908132395, 1732833819683536274, 
4.936225891113281, 1.2315846681594849, 1.9439235397838475, 1732833819781658262, 
4.9329915046691895, 1.2398632764816284, 1.9913359595101963, 1732833819873655772, 
4.928914546966553, 1.2485936880111694, 2.040096889763842, 1732833819973622367, 
4.924116611480713, 1.2576640844345093, 2.0972575363271493, 1732833820083411801, 
4.91956090927124, 1.2656456232070923, 2.146110390237362, 1732833820180903601, 
4.914658069610596, 1.272722601890564, 2.190171732745104, 1732833820273655585, 
4.909093379974365, 1.280068278312683, 2.241821938064052, 1732833820373650441, 
4.903216361999512, 1.2872904539108276, 2.2896686202311716, 1732833820471182201, 
4.896242141723633, 1.2949905395507812, 2.3446972162619364, 1732833820581691896, 
4.8902459144592285, 1.3011163473129272, 2.3925059785718354, 1732833820673665308, 
4.88309907913208, 1.3074798583984375, 2.4427977797113947, 1732833820773826913, 
4.875216484069824, 1.313781976699829, 2.4979745470366517, 1732833820883384908, 
4.867779731750488, 1.3192846775054932, 2.5463595238272823, 1732833820981810051, 
4.860594749450684, 1.3239613771438599, 2.5929804307603224, 1732833821073666544, 
4.852660655975342, 1.3288018703460693, 2.6426467905711437, 1732833821173662105, 
4.8444414138793945, 1.3330779075622559, 2.6915791124159028, 1732833821271329270, 
4.835371971130371, 1.3371696472167969, 2.7480044826075454, 1732833821380921475, 
4.827418327331543, 1.3403494358062744, 2.794150412180649, 1732833821473670217, 
4.818426609039307, 1.3434199094772339, 2.8443622212754733, 1732833821573669974, 
4.808762550354004, 1.3462401628494263, 2.899233333884165, 1732833821683763939, 
4.799647331237793, 1.3484419584274292, 2.948652981550661, 1732833821781807232, 
4.791325569152832, 1.3501032590866089, 2.9935812892020923, 1732833821872956110, 
4.781887054443359, 1.351293921470642, 3.04612325314999, 1732833821973658187, 
4.772584915161133, 1.3521676063537598, 3.094621662393176, 1732833822071252334, 
4.762485027313232, 1.3524726629257202, -3.1334745891764735, 1732833822181852878, 
4.753513336181641, 1.3523458242416382, -3.085096842550538, 1732833822273806280, 
4.744250774383545, 1.3519068956375122, -3.037229062372084, 1732833822373810283, 
4.734190940856934, 1.3505159616470337, -2.9803314403585377, 1732833822483723096, 
4.725226402282715, 1.348963737487793, -2.9315586189467333, 1732833822581720181, 
4.716715335845947, 1.3470669984817505, -2.887545569105448, 1732833822673743146, 
4.707822322845459, 1.34454345703125, -2.8344285860664673, 1732833822773747873, 
4.697782516479492, 1.3414158821105957, -2.7804508638975216, 1732833822883224647, 
4.6933770179748535, 1.3397045135498047, -2.7549955531426855, 1732833822933519757, 
4.681697368621826, 1.334547996520996, -2.683354808398176, 1732833823073755224, 
4.6732258796691895, 1.3303803205490112, -2.6338438730880402, 1732833823173701349, 
4.664366245269775, 1.325364112854004, -2.5776097322385665, 1732833823283551632, 
4.65663480758667, 1.3203351497650146, -2.5298014196749836, 1732833823381019891, 
4.649027347564697, 1.314888834953308, -2.4895911032522697, 1732833823474760157, 
4.641482830047607, 1.308976650238037, -2.456694598670425, 1732833823572961804, 
4.633760929107666, 1.3024795055389404, -2.421294406449974, 1732833823683698121, 
4.6265668869018555, 1.2962449789047241, -2.3871679564982657, 1732833823781795097, 
4.620321750640869, 1.2900651693344116, -2.355509606634718, 1732833823874469436, 
4.613346099853516, 1.2830305099487305, -2.3257390958693365, 1732833823973835626, 
4.606729507446289, 1.27655029296875, -2.325818573260968, 1732833824071733184, 
4.600061893463135, 1.2695703506469727, -2.322888837860415, 1732833824181872335, 
4.593969345092773, 1.2631365060806274, -2.320650739571949, 1732833824273721230, 
4.587742328643799, 1.2565290927886963, -2.3180534913464026, 1732833824374820872, 
4.581244468688965, 1.2499666213989258, -2.3207203945259103, 1732833824470986226, 
4.574128150939941, 1.2434661388397217, -2.3292738976407956, 1732833824581836779, 
4.5680413246154785, 1.23800790309906, -2.3391022706452644, 1732833824673693192, 
4.561633110046387, 1.2322686910629272, -2.344080808344882, 1732833824773694017, 
4.554469108581543, 1.2252559661865234, -2.3461292122640254, 1732833824883337682, 
4.548182487487793, 1.219342589378357, -2.3500991289361237, 1732833824980950336, 
4.541748523712158, 1.2130697965621948, -2.3513214675385705, 1732833825073700880, 
4.53496789932251, 1.206235647201538, -2.353206129670715, 1732833825173656775, 
4.527735233306885, 1.1990950107574463, -2.351712256910342, 1732833825283523968, 
4.521705150604248, 1.192792534828186, -2.3462772878672817, 1732833825380957916, 
4.515681266784668, 1.1867834329605103, -2.3413243468509943, 1732833825473700457, 
4.509152889251709, 1.1802533864974976, -2.336359379591718, 1732833825573665375, 
4.502053260803223, 1.1730750799179077, -2.332669281590422, 1732833825684879564, 
4.495790004730225, 1.1664646863937378, -2.327992730841032, 1732833825780242024, 
4.490148067474365, 1.1599445343017578, -2.323897571614088, 1732833825873705859, 
4.484014987945557, 1.1532652378082275, -2.320817740620119, 1732833825973698006, 
4.477748394012451, 1.1465433835983276, -2.318068917158722, 1732833826071141347, 
4.470579624176025, 1.1388232707977295, -2.3145121920571623, 1732833826181717818, 
4.464665412902832, 1.132681131362915, -2.3123024636704494, 1732833826274712897, 
4.458115577697754, 1.1256448030471802, -2.31158515280151, 1732833826373668747, 
4.450543403625488, 1.118373155593872, -2.3269734548839476, 1732833826483457718, 
4.444461822509766, 1.112837314605713, -2.390318801146842, 1732833826581065885, 
4.439064979553223, 1.1078834533691406, -2.445399780064329, 1732833826674710602, 
4.43154239654541, 1.1022469997406006, -2.4740910157239826, 1732833826773682818, 
4.4245405197143555, 1.0976208448410034, -2.497757827955545, 1732833826870934558, 
4.416316509246826, 1.0924075841903687, -2.5291729163062704, 1732833826981704060, 
4.409342288970947, 1.0877591371536255, -2.55667235943223, 1732833827074715059, 
4.401319980621338, 1.0836689472198486, -2.580241653420207, 1732833827173709257, 
4.393484115600586, 1.0790411233901978, -2.5915260597273027, 1732833827271214363, 
4.384427547454834, 1.0744903087615967, -2.6410522462524195, 1732833827380971173, 
4.377355098724365, 1.0712909698486328, -2.6805821028960732, 1732833827474722938, 
4.36957311630249, 1.0678619146347046, -2.7009343821348675, 1732833827573688545, 
4.361206531524658, 1.0646836757659912, -2.7188508318026616, 1732833827671153774, 
4.351863861083984, 1.061065673828125, -2.7375185114068405, 1732833827781212710, 
4.344428539276123, 1.0581432580947876, -2.748385856782347, 1732833827874884555, 
4.3358941078186035, 1.0551410913467407, -2.761394562915486, 1732833827974171076, 
4.327383995056152, 1.0524293184280396, -2.7710137406403317, 1732833828071821421, 
4.318220138549805, 1.0487412214279175, -2.767366420439586, 1732833828181375172, 
4.310427665710449, 1.0448991060256958, -2.710814011514712, 1732833828274728878, 
4.301992416381836, 1.0408858060836792, -2.663886479818372, 1732833828373728962, 
4.292402267456055, 1.035438895225525, -2.636547050995428, 1732833828483758394, 
4.283975124359131, 1.031766653060913, -2.6473245731598793, 1732833828580848793, 
4.277228832244873, 1.0280234813690186, -2.657497639213983, 1732833828674737717, 
4.269148826599121, 1.0235004425048828, -2.643286920181236, 1732833828773700587, 
4.261168956756592, 1.0190484523773193, -2.634850902453875, 1732833828871199289, 
4.251872539520264, 1.0140929222106934, -2.638112260991077, 1732833828981737040, 
4.2438530921936035, 1.0106077194213867, -2.674092923874553, 1732833829074175072, 
4.236260414123535, 1.007179856300354, -2.7404181925369993, 1732833829173702351, 
4.226569652557373, 1.0036786794662476, -2.7917502172368085, 1732833829283074484, 
4.21814489364624, 1.0010908842086792, -2.8129183854368707, 1732833829381736213, 
4.210229873657227, 0.9992741942405701, -2.837268810174723, 1732833829474742989, 
4.201473712921143, 0.9975097179412842, -2.874769221922126, 1732833829573714199, 
4.19293737411499, 0.9960708618164062, -2.908243443050142, 1732833829671675993, 
4.183840751647949, 0.9947355389595032, -2.9373224155550393, 1732833829781727355, 
4.175617218017578, 0.9939650893211365, -2.958756416758088, 1732833829874745213, 
4.16672420501709, 0.9929186701774597, -2.9756879776687897, 1732833829973700333, 
4.158210277557373, 0.9918316602706909, -2.990336906189285, 1732833830071691700, 
4.148999214172363, 0.9911664128303528, -3.0054240304212945, 1732833830181184428, 
4.140608787536621, 0.9906296730041504, -3.010017396135268, 1732833830274746327, 
4.131733417510986, 0.9899666905403137, -3.0223014550258154, 1732833830373790206, 
4.121787071228027, 0.988962709903717, -3.031285276087454, 1732833830484162766, 
4.113084316253662, 0.9883824586868286, -3.0351428807621823, 1732833830580974187, 
4.1046462059021, 0.9878221750259399, -3.037676789828703, 1732833830674791699, 
4.09528923034668, 0.9872685074806213, -3.038902509972477, 1732833830773748342, 
4.085249900817871, 0.9862934350967407, -3.0396997857008503, 1732833830884219293, 
4.076411247253418, 0.9856282472610474, -3.0412304415989238, 1732833830981882838, 
4.066979885101318, 0.9854852557182312, -3.0765004090602783, 1732833831075754896, 
4.059041976928711, 0.9855757355690002, -3.134817362474199, 1732833831173717049, 
4.049384117126465, 0.9860784411430359, 3.087790729130368, 1732833831283934612, 
4.040291786193848, 0.9870066046714783, 3.0329480095194614, 1732833831380905284, 
4.03186559677124, 0.9883633852005005, 2.9777326525409635, 1732833831474757756, 
4.023492813110352, 0.9905347228050232, 2.931904281972755, 1732833831574723725, 
4.014465808868408, 0.9933279752731323, 2.8964380925463815, 1732833831684674602, 
4.006207466125488, 0.9960469603538513, 2.8542434929756624, 1732833831780981610, 
3.9979474544525146, 0.9991542100906372, 2.8304028901796108, 1732833831874758029, 
3.989997148513794, 1.0022112131118774, 2.816526194296524, 1732833831974758565, 
3.981055498123169, 1.0050333738327026, 2.8241873042680474, 1732833832071120318, 
3.971407175064087, 1.0080121755599976, 2.8489329503023852, 1732833832181756287, 
3.963280200958252, 1.0104109048843384, 2.860604977695578, 1732833832274764635, 
3.954044818878174, 1.0125521421432495, 2.877249922966995, 1732833832373717119, 
3.945124387741089, 1.014801263809204, 2.8950731556709135, 1732833832471462847, 
3.934452533721924, 1.0176396369934082, 2.909855134945471, 1732833832581778101, 
3.926496744155884, 1.0201637744903564, 2.862530512397146, 1732833832674767882, 
3.9184041023254395, 1.0228191614151, 2.8145893049760735, 1732833832773734466, 
3.9103846549987793, 1.0258541107177734, 2.790807780612617, 1732833832871375869, 
3.9014108180999756, 1.0300976037979126, 2.7586813000425288, 1732833832981790933, 
3.893885374069214, 1.0335900783538818, 2.7264561230259474, 1732833833074776325, 
3.8852078914642334, 1.0383025407791138, 2.680230633155721, 1732833833173759580, 
3.8752083778381348, 1.044111728668213, 2.5972515261591522, 1732833833271656627, 
3.867424964904785, 1.0488470792770386, 2.547417836424245, 1732833833381798792, 
3.8612427711486816, 1.0534157752990723, 2.5336485383054494, 1732833833474777759, 
3.853966236114502, 1.0595086812973022, 2.5059403812818895, 1732833833574744392, 
3.846069574356079, 1.0657795667648315, 2.475499764518235, 1732833833684082773, 
3.8396213054656982, 1.0717264413833618, 2.446109360036569, 1732833833781396183, 
3.8359410762786865, 1.0747543573379517, 2.433608988903299, 1732833833831876961, 
3.8265984058380127, 1.0837771892547607, 2.39523847861864, 1732833833974824039, 
3.8198647499084473, 1.0904791355133057, 2.391164221073569, 1732833834071399159, 
3.8127012252807617, 1.0971813201904297, 2.3917729242082397, 1732833834180997137, 
3.8062846660614014, 1.1033399105072021, 2.386703940766657, 1732833834273896886, 
3.799671173095703, 1.109895944595337, 2.3816180002816405, 1732833834372932803, 
3.7931575775146484, 1.116328477859497, 2.3815715115334313, 1732833834471842981, 
3.7858726978302, 1.1236045360565186, 2.3825815220287203, 1732833834581954884, 
3.7825281620025635, 1.1268569231033325, 2.384822059082129, 1732833834630941440, 
3.772765636444092, 1.1358529329299927, 2.3969969846989985, 1732833834774885858, 
3.765878677368164, 1.1422545909881592, 2.3989766948007825, 1732833834872178672, 
3.7585787773132324, 1.1490558385849, 2.397819371154854, 1732833834982323662, 
3.7520406246185303, 1.155012845993042, 2.3996599500683082, 1732833835074237312, 
3.744993209838867, 1.1616017818450928, 2.4006694064279857, 1732833835174758313, 
3.7381792068481445, 1.1680461168289185, 2.399538253604799, 1732833835271707590, 
3.73039174079895, 1.175076961517334, 2.397011954032191, 1732833835381287430, 
3.7241642475128174, 1.1809779405593872, 2.396850112518514, 1732833835474845957, 
3.71752667427063, 1.187374472618103, 2.393932288824865, 1732833835574815296, 
3.711029529571533, 1.1937224864959717, 2.390578194725857, 1732833835672327145, 
3.7048442363739014, 1.199828028678894, 2.3884245646848887, 1732833835764150968, 
3.697338581085205, 1.207054615020752, 2.3847648428329387, 1732833835874817780, 
3.691072940826416, 1.2135270833969116, 2.381943663479367, 1732833835974810330, 
3.6836726665496826, 1.2205373048782349, 2.3780015594592596, 1732833836084404707, 
3.6782991886138916, 1.225759744644165, 2.3768452847134505, 1732833836164140591, 
3.671078681945801, 1.233062982559204, 2.374861533188548, 1732833836274883636, 
3.664377212524414, 1.239660382270813, 2.3727722969711236, 1732833836374845727, 
3.6571085453033447, 1.2469860315322876, 2.3717489414552317, 1732833836484858020, 
3.6505656242370605, 1.2535685300827026, 2.371558038308582, 1732833836582490185, 
3.6441359519958496, 1.2600550651550293, 2.3707884826932943, 1732833836673900994, 
3.637450695037842, 1.2666091918945312, 2.3675269677182755, 1732833836774812945, 
3.6339027881622314, 1.2703173160552979, 2.366710039479283, 1732833836871359803, 
3.6298270225524902, 1.2741637229919434, 2.36943307537968, 1732833836981271308, 
3.6227610111236572, 1.2811683416366577, 2.3698087440236058, 1732833837073927528, 
3.615731954574585, 1.2880438566207886, 2.3692869334563573, 1732833837174806289, 
3.608959436416626, 1.2947973012924194, 2.3690754562102607, 1732833837283907597, 
3.6025733947753906, 1.3011690378189087, 2.3678318943351186, 1732833837381897094, 
3.5963523387908936, 1.3073688745498657, 2.367866575054967, 1732833837474624915, 
3.5897488594055176, 1.3139351606369019, 2.3687748382242626, 1732833837574775090, 
3.583195447921753, 1.3204509019851685, 2.3678002257223434, 1732833837671843712, 
3.5759382247924805, 1.3277338743209839, 2.36833245108094, 1732833837781103796, 
3.5696418285369873, 1.3340508937835693, 2.3685576665448784, 1732833837874860726, 
3.563079833984375, 1.3408095836639404, 2.3689138784100714, 1732833837974803860, 
3.5566442012786865, 1.347184658050537, 2.3681246198058807, 1732833838071483886, 
3.5494089126586914, 1.3545385599136353, 2.368574134144579, 1732833838180992551, 
3.543123722076416, 1.3607230186462402, 2.368102312621605, 1732833838274816546, 
3.536489963531494, 1.3674066066741943, 2.3676576833248735, 1732833838374775934, 
3.53005051612854, 1.373713493347168, 2.3681003558281337, 1732833838471795382, 
3.522709369659424, 1.3812028169631958, 2.368220984933041, 1732833838581268882, 
3.516401529312134, 1.3874316215515137, 2.3684150166534206, 1732833838674816165, 
3.5095725059509277, 1.3941625356674194, 2.368741403475714, 1732833838774789699, 
3.5031075477600098, 1.4007071256637573, 2.3696841858696382, 1732833838871157608, 
3.495603561401367, 1.408216953277588, 2.369848953210435, 1732833838981881634, 
3.4895522594451904, 1.4144634008407593, 2.370076319618673, 1732833839074825293, 
3.482808828353882, 1.4211344718933105, 2.369765304343922, 1732833839174810664, 
3.47536039352417, 1.4285986423492432, 2.369782779036792, 1732833839284588254, 
3.4733242988586426, 1.4306344985961914, 2.370114707170125, 1732833839314046093, 
3.4654698371887207, 1.4384994506835938, 2.3702050762791713, 1732833839430924461, 
3.4592137336730957, 1.4446310997009277, 2.3695167953625895, 1732833839524874728, 
3.448829412460327, 1.4544072151184082, 2.405683734410409, 1732833839671437426, 
3.4409213066101074, 1.4615837335586548, 2.463911028675154, 1732833839781631797, 
3.4341955184936523, 1.4668642282485962, 2.4809265838549432, 1732833839873925631, 
3.426617383956909, 1.4722822904586792, 2.507511377080582, 1732833839974842277, 
3.4188246726989746, 1.4777264595031738, 2.533930309433824, 1732833840071821275, 
3.409956216812134, 1.4837285280227661, 2.5655856941286306, 1732833840182384439, 
3.402148962020874, 1.4884530305862427, 2.589952466919755, 1732833840273917489, 
3.394031524658203, 1.4933234453201294, 2.6173036261911213, 1732833840373913298, 
3.3858885765075684, 1.4977853298187256, 2.6694411931442956, 1732833840472069052, 
3.3779191970825195, 1.5018069744110107, 2.7160959108444325, 1732833840563985787, 
3.368161678314209, 1.50578773021698, 2.7581551929312162, 1732833840673961446, 
3.359210729598999, 1.5092660188674927, 2.7844197578242653, 1732833840774024636, 
3.350761890411377, 1.5120404958724976, 2.810804308908754, 1732833840872100151, 
3.3406221866607666, 1.5149976015090942, 2.8383405368659824, 1732833840982411448, 
3.3319616317749023, 1.5174672603607178, 2.8625797869151035, 1732833841074983914, 
3.3226406574249268, 1.5197182893753052, 2.889120350725797, 1732833841174011316, 
3.3133180141448975, 1.5219745635986328, 2.9192088141086505, 1732833841272381880, 
3.3029651641845703, 1.5242327451705933, 2.944746937918361, 1732833841382740408, 
3.2946319580078125, 1.5253697633743286, 2.9576044280443203, 1732833841473902829, 
3.2853875160217285, 1.5271013975143433, 2.973121142197555, 1732833841574811096, 
3.274996519088745, 1.528491497039795, 2.999233958249697, 1732833841684670378, 
3.2655692100524902, 1.529428243637085, 3.023387651510177, 1732833841782676176, 
3.2572035789489746, 1.5303009748458862, 3.040877582781356, 1732833841874847334, 
3.247623920440674, 1.5312774181365967, 3.05458520195168, 1732833841974816406, 
3.2383010387420654, 1.5318087339401245, 3.070151326734705, 1732833842072685299, 
3.227731943130493, 1.5323621034622192, 3.090734480004801, 1732833842181931719, 
3.218843460083008, 1.5328184366226196, 3.10566831566531, 1732833842274850164, 
3.2091848850250244, 1.533058524131775, 3.117101669502527, 1732833842374859117, 
3.200145959854126, 1.5331313610076904, 3.1206600673645144, 1732833842472803016, 
3.1894567012786865, 1.5335218906402588, 3.1257143007500434, 1732833842582862603, 
3.1806154251098633, 1.533527135848999, 3.1329965586535913, 1732833842674857998, 
3.171311140060425, 1.5336315631866455, 3.136621236549304, 1732833842774862906, 
3.16194748878479, 1.5337860584259033, 3.1386024951573868, 1732833842872358795, 
3.1514461040496826, 1.5337510108947754, 3.1400284767417874, 1732833842982023928, 
3.142808675765991, 1.5337308645248413, 3.141524553298745, 1732833843074859168, 
3.1333835124969482, 1.5337053537368774, -3.137655496235526, 1732833843174826786, 
3.1238183975219727, 1.5336523056030273, -3.1344470976644834, 1732833843272669785, 
3.113271713256836, 1.5336304903030396, -3.1329812994656043, 1732833843382335014, 
3.104600667953491, 1.5336790084838867, -3.1322979941940243, 1732833843474866185, 
3.0952398777008057, 1.5336196422576904, -3.1287021657231118, 1732833843574873132, 
3.0857183933258057, 1.533538579940796, -3.125206707944196, 1732833843671968638, 
3.0751357078552246, 1.5334030389785767, -3.124930382488199, 1732833843782235473, 
3.0668559074401855, 1.5331382751464844, -3.125251295918082, 1732833843874867884, 
3.057436227798462, 1.5331476926803589, -3.124973537346728, 1732833843974821561, 
3.048060655593872, 1.5330876111984253, -3.1244897841774177, 1732833844072400417, 
3.039339542388916, 1.5331053733825684, -3.122541906112377, 1732833844164062631, 
3.029439926147461, 1.533107042312622, -3.1224508303198486, 1732833844274868752, 
3.0200846195220947, 1.533193588256836, -3.1225109087055465, 1732833844374836748, 
3.011026382446289, 1.5332671403884888, -3.1229138374449477, 1732833844471393924, 
3.0004637241363525, 1.5330801010131836, -3.1232089969657735, 1732833844582417617, 
2.9918625354766846, 1.5329381227493286, -3.1228353991491926, 1732833844675874211, 
2.982215642929077, 1.5326603651046753, -3.1218671802954114, 1732833844774889168, 
2.973207473754883, 1.5326688289642334, -3.121553184117835, 1732833844871950400, 
2.9629764556884766, 1.5327701568603516, -3.123897313007536, 1732833844982233728, 
2.954469680786133, 1.532723307609558, -3.1246721752066096, 1732833845074913572, 
2.945068359375, 1.5326099395751953, -3.1243267075640024, 1732833845174837791, 
2.934842109680176, 1.5325226783752441, -3.1231434355704417, 1732833845284430109, 
2.9256558418273926, 1.5324252843856812, -3.1244065779025556, 1732833845382040201, 
2.916837453842163, 1.5322965383529663, -3.126137018729454, 1732833845475877014, 
2.907529830932617, 1.532192587852478, -3.125265596641778, 1732833845574846923, 
2.8983330726623535, 1.532145619392395, -3.1229331477861653, 1732833845672194038, 
2.8879451751708984, 1.5320186614990234, -3.122398613249526, 1732833845782439145, 
2.8795976638793945, 1.5320552587509155, -3.1219434726553286, 1732833845874349471, 
2.8704349994659424, 1.5322901010513306, -3.123052118996264, 1732833845974891955, 
2.860433578491211, 1.532179832458496, -3.123339174067349, 1732833846083910591, 
2.8512730598449707, 1.5321712493896484, -3.123198745697221, 1732833846182033759, 
2.8428282737731934, 1.5324046611785889, -3.1237776257192538, 1732833846275891632, 
2.8335909843444824, 1.5322480201721191, -3.125111339576367, 1732833846374852279, 
2.8246090412139893, 1.5322656631469727, -3.1260240087074185, 1732833846472054778, 
2.814295768737793, 1.532400131225586, -3.1262245187733857, 1732833846582882587, 
2.8056933879852295, 1.5324561595916748, -3.1257929784640544, 1732833846674896570, 
2.7965826988220215, 1.5323140621185303, -3.1271038062360748, 1732833846774849773, 
2.787421226501465, 1.5322120189666748, -3.1265499568133523, 1732833846872327529, 
2.7769579887390137, 1.5321842432022095, -3.126556634090309, 1732833846982283576, 
2.76802659034729, 1.5322203636169434, -3.128066063759935, 1732833847075893994, 
2.7587428092956543, 1.532108187675476, -3.1293258659728878, 1732833847174892481, 
2.7497668266296387, 1.532097339630127, -3.1274931425692634, 1732833847272039269, 
2.739182472229004, 1.5321248769760132, -3.1270198832844183, 1732833847382237507, 
2.730463981628418, 1.5323517322540283, -3.1283121109656267, 1732833847474898921, 
2.721428871154785, 1.5322840213775635, -3.128907681650819, 1732833847574868448, 
2.7126214504241943, 1.5321850776672363, -3.129022837732116, 1732833847672583126, 
2.7020339965820312, 1.5321353673934937, -3.1285936818368323, 1732833847782579902, 
2.693255662918091, 1.5321974754333496, -3.128760576121319, 1732833847874903861, 
2.6838765144348145, 1.5321159362792969, -3.1289119717664384, 1732833847974860800, 
2.674771547317505, 1.5320731401443481, -3.1285777111124364, 1732833848072561011, 
2.6645901203155518, 1.5321623086929321, -3.127507447731518, 1732833848182888920, 
2.6555397510528564, 1.5321377515792847, -3.1281726345752427, 1732833848274904663, 
2.6468582153320312, 1.5321258306503296, -3.128291130017938, 1732833848373920851, 
2.637441396713257, 1.532114028930664, -3.126633407405627, 1732833848472197324, 
2.6266372203826904, 1.5318936109542847, -3.127794744110964, 1732833848581896782, 
2.617828130722046, 1.5319397449493408, -3.126317264328528, 1732833848674912219, 
2.6089203357696533, 1.5318107604980469, -3.1271045207189703, 1732833848773910498, 
2.599536657333374, 1.531782865524292, -3.126415968331088, 1732833848872440277, 
2.5890121459960938, 1.5317003726959229, -3.126260996707794, 1732833848981973296, 
2.5798916816711426, 1.531688928604126, -3.125535011735746, 1732833849074912857, 
2.570631504058838, 1.5315275192260742, -3.1271727089998307, 1732833849173929380, 
2.561518669128418, 1.5315020084381104, -3.1275725378431796, 1732833849272148095, 
2.5510103702545166, 1.531487226486206, -3.127747536650978, 1732833849382231080, 
2.542585611343384, 1.5315139293670654, -3.1267085058177404, 1732833849474918619, 
2.5331952571868896, 1.5314640998840332, -3.126629113699959, 1732833849574922338, 
2.523906707763672, 1.53151273727417, -3.127668618028851, 1732833849672610898, 
2.51357102394104, 1.5314388275146484, -3.128918170631435, 1732833849781367574, 
2.5047309398651123, 1.5313764810562134, -3.128547907433502, 1732833849874919570, 
2.495269298553467, 1.5313098430633545, -3.1290149673580334, 1732833849975876892, 
2.4860012531280518, 1.5312533378601074, -3.1297833936319317, 1732833850072493489, 
2.4751181602478027, 1.531244158744812, -3.1305463312598456, 1732833850182162186, 
2.4663970470428467, 1.5311932563781738, -3.130756617495992, 1732833850274926191, 
2.4569618701934814, 1.5311695337295532, -3.1303780071821636, 1732833850374883530, 
2.4464235305786133, 1.5311970710754395, -3.129970550866936, 1732833850485006118, 
2.4388656616210938, 1.5311806201934814, -3.1285111897817672, 1732833850564925489, 
2.4286277294158936, 1.5312045812606812, -3.1293125144361067, 1732833850674966562, 
2.4190852642059326, 1.5311918258666992, -3.128965617044558, 1732833850774888280, 
2.4101197719573975, 1.5311541557312012, -3.1288726339117345, 1732833850872782184, 
2.399836301803589, 1.531126618385315, -3.128305197610423, 1732833850982713627, 
2.390735626220703, 1.5310152769088745, -3.128112554896838, 1732833851074930834, 
2.3811981678009033, 1.531084418296814, -3.127283573278219, 1732833851173933360, 
2.37227725982666, 1.5310471057891846, -3.129927636175355, 1732833851272830560, 
2.362067222595215, 1.531018614768982, -3.1321911811450236, 1732833851382337312, 
2.353163957595825, 1.531009554862976, -3.13155341228842, 1732833851474938843, 
2.3433845043182373, 1.5309094190597534, -3.131641625478817, 1732833851573924756, 
2.3331995010375977, 1.5309584140777588, -3.1320121296277237, 1732833851685175800, 
2.324404001235962, 1.5310028791427612, -3.134286403268442, 1732833851782059332, 
2.31561541557312, 1.5311795473098755, -3.1348121178201462, 1732833851875086515, 
2.306469678878784, 1.5313018560409546, -3.1347296234913604, 1732833851974103577, 
2.297362804412842, 1.5313622951507568, -3.134853601367342, 1732833852072111028, 
2.2872157096862793, 1.531598448753357, -3.1353681089833367, 1732833852182661232, 
2.278515338897705, 1.531507968902588, -3.135805845958211, 1732833852275024075, 
2.2700963020324707, 1.5316213369369507, -3.135886192597178, 1732833852374979988, 
2.268890619277954, 1.5316944122314453, -3.1366288660479547, 1732833852471939150, 
2.268918037414551, 1.5317517518997192, -3.136265992776179, 1732833852565372060, 
2.268918752670288, 1.531729817390442, -3.136384725395945, 1732833852674985867, 
2.2689201831817627, 1.5317280292510986, -3.136402129970028, 1732833852774943168, 
2.2630906105041504, 1.5315200090408325, -3.1369237900163496, 1732833852885378921, 
2.2535488605499268, 1.531690001487732, -3.1368417740818897, 1732833852965208006, 
2.2435152530670166, 1.5315561294555664, -3.1348543175503707, 1732833853075117042, 
2.234532594680786, 1.5317283868789673, -3.13402819694167, 1732833853174955626, 
2.2256457805633545, 1.5316764116287231, -3.13344955507495, 1732833853272042403, 
2.215384006500244, 1.5315272808074951, -3.132152081141337, 1732833853382554448, 
2.206341028213501, 1.5314887762069702, -3.1302156471874363, 1732833853474973965, 
2.19795823097229, 1.53144109249115, -3.1291699416808387, 1732833853575004150, 
2.1901779174804688, 1.531532645225525, -3.129095314336165, 1732833853685511780, 
2.1798410415649414, 1.5315529108047485, -3.1273331662706827, 1732833853783098888, 
2.1712238788604736, 1.531442403793335, -3.126777889164378, 1732833853875034266, 
2.162062644958496, 1.5313409566879272, -3.125884059237235, 1732833853974949702, 
2.151675224304199, 1.5314033031463623, -3.1260082725487446, 1732833854085788777, 
2.142470598220825, 1.5314048528671265, -3.125810626883182, 1732833854183562741, 
2.133676767349243, 1.531299352645874, -3.1248116481693446, 1732833854275040313, 
2.1240501403808594, 1.531206488609314, -3.124389647907713, 1732833854375085131, 
2.115077018737793, 1.5311625003814697, -3.125968457289037, 1732833854471930674, 
2.104635238647461, 1.5311130285263062, -3.1276125902857226, 1732833854582350999, 
2.095918893814087, 1.5311768054962158, -3.1285135747682915, 1732833854675970140, 
2.0862362384796143, 1.531080961227417, -3.1293964379449566, 1732833854775042179, 
2.0820207595825195, 1.531008005142212, -3.129619360419708, 1732833854822118269, 
2.0672895908355713, 1.5310828685760498, -3.1328806873096475, 1732833854982374614, 
2.062556028366089, 1.5311272144317627, -3.133219718879886, 1732833855032057934, 
2.0537407398223877, 1.5312227010726929, -3.133761882444176, 1732833855125080296, 
2.0399327278137207, 1.5313133001327515, -3.1347153190313386, 1732833855271958859, 
2.0295352935791016, 1.5313856601715088, -3.134800433975494, 1732833855382427305, 
2.020824670791626, 1.5313936471939087, -3.137349367093584, 1732833855475047445, 
2.0117928981781006, 1.5315837860107422, -3.137220382750963, 1732833855574943556, 
2.0026113986968994, 1.5316262245178223, -3.13738274592121, 1732833855671930582, 
1.993698239326477, 1.5318903923034668, -3.1376192567344035, 1732833855765805817, 
1.9835479259490967, 1.5319126844406128, -3.1382529739824987, 1732833855875174314, 
1.974656343460083, 1.5317318439483643, -3.1362922190524922, 1732833855975177821, 
1.964823603630066, 1.531785249710083, -3.1331124297843145, 1732833856072130349, 
1.9544247388839722, 1.5315536260604858, -3.1349501605606402, 1732833856183384230, 
1.9458671808242798, 1.531654715538025, -3.1337473396851268, 1732833856275157742, 
1.9408838748931885, 1.5317542552947998, -3.132330178543195, 1732833856375006649, 
1.9411066770553589, 1.531731367111206, -3.1326169969345754, 1732833856472061881, 
1.9372522830963135, 1.5316740274429321, -3.1330184936041707, 1732833856565108266, 
1.924716591835022, 1.5317461490631104, -3.1334552764400936, 1732833856675121169, 
1.915770173072815, 1.531744122505188, -3.133124590294787, 1732833856775012783, 
1.9075294733047485, 1.5319398641586304, -3.134170054473577, 1732833856872078825, 
1.896816372871399, 1.5319081544876099, -3.133884667782528, 1732833856982143875, 
1.8878486156463623, 1.531814455986023, -3.132109403984081, 1732833857075065564, 
1.8785494565963745, 1.5319198369979858, -3.132206439671668, 1732833857175067181, 
1.8696244955062866, 1.5317893028259277, -3.132203579164317, 1732833857271981011, 
1.8596830368041992, 1.5317896604537964, -3.134027242437274, 1732833857382310929, 
1.8507215976715088, 1.5317676067352295, -3.1324622626436756, 1732833857475073030, 
1.8410001993179321, 1.5317047834396362, -3.13184785816345, 1732833857575248447, 
1.8320262432098389, 1.5318652391433716, -3.1304376120964155, 1732833857672638117, 
1.8262982368469238, 1.5317469835281372, -3.130205870148031, 1732833857735491733, 
1.8127918243408203, 1.5316669940948486, -3.130127905914295, 1732833857875149808, 
1.8038002252578735, 1.5316283702850342, -3.1291475299750364, 1732833857975051825, 
1.795093297958374, 1.5314265489578247, -3.1315724847986153, 1732833858072085269, 
1.7857390642166138, 1.531617522239685, -3.130122899135216, 1732833858165507402, 
1.7749847173690796, 1.5316145420074463, -3.130766153815218, 1732833858274997631, 
1.7661089897155762, 1.5313736200332642, -3.130258083971387, 1732833858375384647, 
1.757169485092163, 1.5315333604812622, -3.131812572399359, 1732833858473108833, 
1.7483738660812378, 1.531524896621704, -3.1319744595220245, 1732833858565314023, 
1.737770676612854, 1.5315449237823486, -3.132539271046321, 1732833858674988196, 
1.7284516096115112, 1.5315003395080566, -3.132470130771127, 1732833858774986057, 
1.7194643020629883, 1.5314648151397705, -3.131183385087622, 1732833858873066045, 
1.7090078592300415, 1.5315674543380737, -3.1317594037327003, 1732833858983753549, 
1.7001968622207642, 1.531468391418457, -3.1327593315159747, 1732833859075074550, 
1.6908868551254272, 1.531461238861084, -3.1323418619191408, 1732833859175092401, 
1.681763768196106, 1.531614899635315, -3.1328923693609005, 1732833859272074224, 
1.6730360984802246, 1.531732201576233, -3.1341216561234964, 1732833859365312327, 
1.6628090143203735, 1.5317739248275757, -3.1341047276793557, 1732833859475100072, 
1.6538530588150024, 1.5318800210952759, -3.1342720991812634, 1732833859575317288, 
1.644552230834961, 1.5319030284881592, -3.133154630707605, 1732833859673124835, 
1.635658621788025, 1.5317579507827759, -3.1324675072929935, 1732833859765390949, 
1.625732660293579, 1.5317425727844238, -3.1312062734789725, 1732833859875208548, 
1.6167773008346558, 1.5315765142440796, -3.129205225496542, 1732833859975011232, 
1.6073975563049316, 1.5315576791763306, -3.1289079202296852, 1732833860073121783, 
1.5971882343292236, 1.531531810760498, -3.127580643031502, 1732833860183255021, 
1.5889239311218262, 1.531548023223877, -3.1274938579319564, 1732833860275160570, 
1.579423427581787, 1.5314421653747559, -3.1269116400239905, 1732833860375010921, 
1.5702946186065674, 1.5314275026321411, -3.1273627266934034, 1732833860472234321, 
1.5618702173233032, 1.531430721282959, -3.127718446760747, 1732833860565093827, 
1.5515179634094238, 1.5312795639038086, -3.127231119848041, 1732833860675100495, 
1.5419042110443115, 1.5313339233398438, -3.124803305665468, 1732833860775002150, 
1.532996654510498, 1.5311343669891357, -3.1253390306292164, 1732833860873288668, 
1.5243933200836182, 1.5313105583190918, -3.125531434793977, 1732833860965175946, 
1.513816237449646, 1.5312213897705078, -3.126270534184132, 1732833861075148699, 
1.509080171585083, 1.5311944484710693, -3.126914502525579, 1732833861125326437, 
1.4949405193328857, 1.531199336051941, -3.126888038049919, 1732833861273098550, 
1.4869707822799683, 1.531252145767212, -3.127371310935663, 1732833861366652399, 
1.4822763204574585, 1.531162977218628, -3.1273140893052007, 1732833861415161120, 
1.467289924621582, 1.5311777591705322, -3.1280405521172554, 1732833861575086861, 
1.4586479663848877, 1.531179666519165, -3.1283962724314334, 1732833861673181874, 
1.4521411657333374, 1.531068205833435, -3.1283211733143266, 1732833861765418705, 
1.4414827823638916, 1.5311601161956787, -3.1292066580732967, 1732833861876098633, 
1.432222843170166, 1.5312833786010742, -3.130710840575911, 1732833861975107607, 
1.4220423698425293, 1.5314288139343262, -3.1316349501072844, 1732833862085774990, 
1.4148337841033936, 1.5314021110534668, -3.1318306910979214, 1732833862165429950, 
1.4047555923461914, 1.5314176082611084, -3.129727125282215, 1732833862275173317, 
1.399872064590454, 1.5316267013549805, -3.128718136397711, 1732833862325132072, 
1.3861323595046997, 1.5316627025604248, -3.1297833937829824, 1732833862473162167, 
1.3776614665985107, 1.5317614078521729, -3.1308979985629364, 1732833862565048495, 
1.3673441410064697, 1.5320048332214355, -3.130016326527447, 1732833862676803082, 
1.3581602573394775, 1.5319147109985352, -3.1310601226399326, 1732833862775005217, 
1.353751540184021, 1.5319547653198242, -3.131146907799337, 1732833862823043604, 
1.340661883354187, 1.5321635007858276, -3.1328015327629455, 1732833862964986335, 
1.334307312965393, 1.5320584774017334, -3.132304191113537, 1732833863033647367, 
1.3206923007965088, 1.5321472883224487, -3.1319310663565205, 1732833863175177516, 
1.3117371797561646, 1.5321630239486694, -3.131275178327553, 1732833863273299379, 
1.3029977083206177, 1.5321898460388184, -3.130248069041551, 1732833863365193559, 
1.2922940254211426, 1.5322123765945435, -3.1291744719121373, 1732833863475039238, 
1.2829915285110474, 1.532259464263916, -3.1288759707373965, 1732833863575014098, 
1.2740222215652466, 1.5324087142944336, -3.1290404803206404, 1732833863673192757, 
1.2635424137115479, 1.532392144203186, -3.1286096589580406, 1732833863783232135, 
1.2549163103103638, 1.5325088500976562, -3.128377676924448, 1732833863875050569, 
1.2456471920013428, 1.5325069427490234, -3.1289212708251983, 1732833863975118452, 
1.2368502616882324, 1.5325218439102173, -3.1283886433962342, 1732833864073190898, 
1.2283114194869995, 1.5323904752731323, -3.1289737235520754, 1732833864166361018, 
1.2221498489379883, 1.5325396060943604, -3.1285152425155274, 1732833864233595268, 
1.2088950872421265, 1.5326348543167114, -3.129254580553837, 1732833864375066568, 
1.204649806022644, 1.5327622890472412, -3.1295509334276224, 1732833864423164169, 
1.1961987018585205, 1.5328733921051025, -3.1295077814140133, 1732833864516253818, 
1.1812189817428589, 1.533011794090271, -3.127906083657908, 1732833864675056065, 
1.1722745895385742, 1.5332684516906738, -3.127136231360952, 1732833864775092626, 
1.1630526781082153, 1.5333120822906494, -3.1274423595105616, 1732833864873356705, 
1.1526479721069336, 1.53327214717865, -3.1278941615598868, 1732833864983687909, 
1.144144058227539, 1.5331873893737793, -3.126232624669682, 1732833865076128596, 
1.134946346282959, 1.5331659317016602, -3.1240093728793084, 1732833865175228744, 
1.1259690523147583, 1.5330486297607422, -3.1224808698852793, 1732833865273056110, 
1.115840196609497, 1.5330531597137451, -3.122488024264731, 1732833865383426768, 
1.1070057153701782, 1.5328716039657593, -3.1222646258350593, 1732833865476156755, 
1.0977592468261719, 1.5326347351074219, -3.1215963375308804, 1732833865575063287, 
1.0883651971817017, 1.5325614213943481, -3.1195068333090834, 1732833865673311815, 
1.079874038696289, 1.5325942039489746, -3.1201677311040714, 1732833865765475695, 
1.0698597431182861, 1.5325061082839966, -3.1204416752318704, 1732833865876073403, 
1.0604088306427002, 1.5323193073272705, -3.1205403839984975, 1732833865976064249, 
1.0512956380844116, 1.5320816040039062, -3.1193461426693143, 1732833866073525391, 
1.0428987741470337, 1.5318621397018433, -3.1196002964622687, 1732833866165650956, 
1.0328274965286255, 1.5317240953445435, -3.1198809127056033, 1732833866276126098, 
1.0234068632125854, 1.5319079160690308, -3.121319531911642, 1732833866375029665, 
1.0145025253295898, 1.5316752195358276, -3.122231246780247, 1732833866473180541, 
1.0055673122406006, 1.5316400527954102, -3.1221687821833144, 1732833866565768233, 
0.99565589427948, 1.5317676067352295, -3.121764418816586, 1732833866676215621, 
0.9866422414779663, 1.5318644046783447, -3.1228168009915493, 1732833866775137353, 
0.9774885773658752, 1.5319443941116333, -3.123612643033228, 1732833866873384448, 
0.9691654443740845, 1.5319876670837402, -3.123209953315197, 1732833866965963175, 
0.959312915802002, 1.532004714012146, -3.1239066133725535, 1732833867076162210, 
0.949667751789093, 1.5320631265640259, -3.1227514764721485, 1732833867175083751, 
0.940805971622467, 1.5321515798568726, -3.1233689784879224, 1732833867273458715, 
0.9321513772010803, 1.5322226285934448, -3.1237390070477544, 1732833867365335521, 
0.9221130013465881, 1.5323783159255981, -3.1242861751763913, 1732833867476208710, 
0.9129351377487183, 1.532429814338684, -3.1245427116496307, 1732833867575082038, 
0.9039272665977478, 1.5323606729507446, -3.126513718464725, 1732833867673297668, 
0.8981876373291016, 1.532517671585083, -3.126372814285737, 1732833867736014246, 
0.8854240775108337, 1.5327014923095703, -3.1271145343005897, 1732833867876316066, 
0.8763217926025391, 1.5328611135482788, -3.127475500651769, 1732833867975162472, 
0.867270290851593, 1.5329056978225708, -3.1273400781804113, 1732833868073184316, 
0.8571944236755371, 1.5332201719284058, -3.1284189225603023, 1732833868182997342, 
0.8488151431083679, 1.533560037612915, -3.128610374307424, 1732833868276163656, 
0.8395470976829529, 1.533595085144043, -3.12767100482541, 1732833868376090693, 
0.8350556492805481, 1.533509612083435, -3.12744188346613, 1732833868423411267, 
0.8221442103385925, 1.5335283279418945, -3.126844406586647, 1732833868566019450, 
0.8174464106559753, 1.5335806608200073, -3.1263387203494246, 1732833868632961516, 
0.8175147771835327, 1.5334560871124268, -3.127676726579257, 1732833868775120570, 
0.8177505731582642, 1.5334235429763794, -3.1278767572432127, 1732833868873280203, 
0.8134155869483948, 1.5335839986801147, -3.127136230899137, 1732833868966429902, 
0.800844669342041, 1.533449411392212, -3.1246647827390173, 1732833869076108658, 
0.7919647693634033, 1.5335060358047485, -3.1250522119960866, 1732833869175091775, 
0.788366436958313, 1.5336815118789673, -3.125304699535152, 1732833869223354964, 
0.7752544283866882, 1.5340626239776611, -3.1239097126387962, 1732833869364917135, 
0.7652406692504883, 1.5340802669525146, -3.123172520273125, 1732833869476266766, 
0.7560544013977051, 1.534021258354187, -3.1227085594302024, 1732833869576220081, 
0.7468344569206238, 1.5339406728744507, -3.120097398525662, 1732833869673298618, 
0.7366154789924622, 1.5336825847625732, -3.1198647039214937, 1732833869783800022, 
0.7289363145828247, 1.5335313081741333, -3.1182284328841536, 1732833869876189112, 
0.7218043804168701, 1.5332796573638916, -3.1169209463132366, 1732833869975865557, 
0.7145130634307861, 1.5330666303634644, -3.1130604760808565, 1732833870073258693, 
0.7108244895935059, 1.5330826044082642, -3.1111664786917665, 1732833870166155929, 
0.7112790942192078, 1.5329666137695312, -3.112717627021724, 1732833870276284096, 
0.7113684415817261, 1.533047080039978, -3.112066032714437, 1732833870375109935, 
0.7114067077636719, 1.53302800655365, -3.112272266002182, 1732833870476993719, 
0.7114111185073853, 1.5330232381820679, -3.11232114092036, 1732833870566462445, 
0.71141117811203, 1.5330232381820679, -3.1123216155094315, 1732833870676190462, 
0.711412250995636, 1.5330220460891724, -3.112333299832571, 1732833870776058743, 
0.7114158272743225, 1.5330181121826172, -3.112372872470793, 1732833870873079614, 
0.7114145159721375, 1.5330195426940918, -3.1123583368790553, 1732833870966238958, 
0.7114151120185852, 1.533018946647644, -3.112364767250888, 1732833871076120206, 
0.7114190459251404, 1.5330146551132202, -3.11240864131165, 1732833871175082885, 
0.7114230394363403, 1.5330102443695068, -3.112453697885163, 1732833871273100287, 
0.7114222049713135, 1.5330111980438232, -3.1124436857869995, 1732833871382926381, 
0.7114265561103821, 1.5330064296722412, -3.1124925616602654, 1732833871476114949, 
0.7114280462265015, 1.5330047607421875, -3.1125092500130567, 1732833871576118366, 
0.7114239931106567, 1.5330091714859009, -3.112463952577984, 1732833871673077249, 
0.7114230394363403, 1.5330102443695068, -3.1124532176165984, 1732833871783070806, 
0.7114230394363403, 1.5330102443695068, -3.1124532228655633, 1732833871876117946, 
0.7114230394363403, 1.5330102443695068, -3.1124532199137303, 1732833871975090211, 
0.7114230394363403, 1.5330102443695068, -3.112453459084329, 1732833872073121172, 
0.7114230394363403, 1.5330102443695068, -3.1124536959410043, 1732833872183868287, 
0.7114230394363403, 1.5330102443695068, -3.1124539382165444, 1732833872276117782, 
0.7114230394363403, 1.5330102443695068, -3.1124541729662063, 1732833872376097472, 
0.7114230394363403, 1.5330102443695068, -3.1124546532915596, 1732833872473113863, 
0.7114230394363403, 1.5330102443695068, -3.112454894328615, 1732833872583291284, 
0.7114230394363403, 1.5330102443695068, -3.1124551296000784, 1732833872633572177, 
0.7114230394363403, 1.5330102443695068, -3.112455608175902, 1732833872776129141, 
0.7114230394363403, 1.5330102443695068, -3.112456089527761, 1732833872823263981, 
0.7114230394363403, 1.5330102443695068, -3.1124568014782366, 1732833872966682051, 
0.7114230394363403, 1.5330102443695068, -3.112457517716732, 1732833873076208197, 
0.7114230394363403, 1.5330102443695068, -3.112457990747776, 1732833873176161679, 
0.7114230394363403, 1.5330102443695068, -3.1124587086107556, 1732833873273401796, 
0.7114230394363403, 1.5330102443695068, -3.1124591849160983, 1732833873366716513, 
0.7114230394363403, 1.5330102443695068, -3.1124594238591587, 1732833873416620090, 
0.7114230394363403, 1.5330102443695068, -3.1124598981307456, 1732833873575104262, 
0.7114230394363403, 1.5330102443695068, -3.112460374444252, 1732833873623230795, 
0.7114230394363403, 1.5330102443695068, -3.112461090857582, 1732833873766674556, 
0.7114230394363403, 1.5330102443695068, -3.1124618038227325, 1732833873876200476, 
0.7114230394363403, 1.5330102443695068, -3.1124622815771668, 1732833873976132838, 
0.7114230394363403, 1.5330102443695068, -3.112463002492317, 1732833874073544946, 
0.7114230394363403, 1.5330102443695068, -3.112463477809843, 1732833874166146717, 
0.7114230394363403, 1.5330102443695068, -3.112463716959108, 1732833874216214687, 
0.7114230394363403, 1.5330102443695068, -3.112464669332796, 1732833874376198100, 
0.7114230394363403, 1.5330102443695068, -3.112465384484647, 1732833874473332303, 
0.7114230394363403, 1.5330102443695068, -3.11246585905864, 1732833874566716610, 
0.7114230394363403, 1.5330102443695068, -3.112466574554097, 1732833874677284356, 
0.7114230394363403, 1.5330102443695068, -3.1124670503048253, 1732833874776118021, 
0.7114230394363403, 1.5330102443695068, -3.1124677674312773, 1732833874873276103, 
0.7114230394363403, 1.5330102443695068, -3.1124682446916605, 1732833874966144336, 
0.7114230394363403, 1.5330102443695068, -3.112468958045179, 1732833875077155293, 
0.7114230394363403, 1.5330102443695068, -3.112469432652428, 1732833875176227847, 
0.7114230394363403, 1.5330102443695068, -3.112470145611381, 1732833875273251274, 
0.7114230394363403, 1.5330102443695068, -3.112470621968348, 1732833875366560131, 
0.7114230394363403, 1.5330102443695068, -3.112471342369067, 1732833875476398334, 
0.7114230394363403, 1.5330102443695068, -3.112471820076778, 1732833875576172545, 
0.7114230394363403, 1.5330102443695068, -3.1124725381663882, 1732833875673321437, 
0.7114230394363403, 1.5330102443695068, -3.112473014033217, 1732833875766405337, 
0.7114230394363403, 1.5330102443695068, -3.112473729557382, 1732833875877252724, 
0.7114230394363403, 1.5330102443695068, -3.1124742013761417, 1732833875976160369, 
0.7114230394363403, 1.5330102443695068, -3.1124749166010814, 1732833876073209842, 
0.7114230394363403, 1.5330102443695068, -3.11247563110728, 1732833876182982154, 
0.7114230394363403, 1.5330102443695068, -3.1124761081907244, 1732833876276155522, 
0.7114230394363403, 1.5330102443695068, -3.1124765862533046, 1732833876376159892, 
0.7114230394363403, 1.5330102443695068, -3.11247730211076, 1732833876473204689, 
0.7114230394363403, 1.5330102443695068, -3.1124780150625577, 1732833876583099388, 
0.7114230394363403, 1.5330102443695068, -3.112478493409892, 1732833876676161257, 
0.7114230394363403, 1.5330102443695068, -3.1124789713176613, 1732833876776133003, 
0.7114230394363403, 1.5330102443695068, -3.1124796909591987, 1732833876873277304, 
0.7114230394363403, 1.5330102443695068, -3.112480168114825, 1732833876965913856, 
0.7114230394363403, 1.5330102443695068, -3.1124808820531444, 1732833877076160602, 
0.7114230394363403, 1.5330102443695068, -3.112481358888214, 1732833877176136525, 
0.7114230394363403, 1.5330102443695068, -3.112482075468429, 1732833877273243501, 
0.7114230394363403, 1.5330102443695068, -3.1124827871892378, 1732833877383201971, 
0.7114230394363403, 1.5330102443695068, -3.112483264175348, 1732833877476169327, 
0.7114230394363403, 1.5330102443695068, -3.112483740708393, 1732833877576170403, 
0.7114230394363403, 1.5330102443695068, -3.1124844567092413, 1732833877673173190, 
0.7114230394363403, 1.5330102443695068, -3.11248493226668, 1732833877766956912, 
0.7114230394363403, 1.5330102443695068, -3.112485647703331, 1732833877876170345, 
0.7114230394363403, 1.5330102443695068, -3.112486123606753, 1732833877976143490, 
0.7114230394363403, 1.5330102443695068, -3.112486836103571, 1732833878073224232, 
0.7114230394363403, 1.5330102443695068, -3.112487554332572, 1732833878183498938, 
0.7114230394363403, 1.5330102443695068, -3.112488034081065, 1732833878276215886, 
0.7114230394363403, 1.5330102443695068, -3.112488511585988, 1732833878376157232, 
0.7114230394363403, 1.5330102443695068, -3.1124892254914114, 1732833878473265783, 
0.7114230394363403, 1.5330102443695068, -3.1124899402558994, 1732833878583293207, 
0.7114230394363403, 1.5330102443695068, -3.112490415919578, 1732833878676177613, 
0.7114230394363403, 1.5330102443695068, -3.112490893239906, 1732833878776180584, 
0.7114230394363403, 1.5330102443695068, -3.1124916088166183, 1732833878874399560, 
0.7114230394363403, 1.5330102443695068, -3.1124920863176775, 1732833878966713437, 
0.7114230394363403, 1.5330102443695068, -3.112492796755512, 1732833879076227212, 
0.7114230394363403, 1.5330102443695068, -3.1124932743896325, 1732833879176200642, 
0.7114230394363403, 1.5330102443695068, -3.11249398789155, 1732833879274251140, 
0.7114230394363403, 1.5330102443695068, -3.112494467723448, 1732833879366168445, 
0.7114230394363403, 1.5330102443695068, -3.112495182759468, 1732833879476184751, 
0.7114230394363403, 1.5330102443695068, -3.1124956647465276, 1732833879576146007, 
0.7114230394363403, 1.5330102443695068, -3.112496378009575, 1732833879673269059, 
0.7114230394363403, 1.5330102443695068, -3.1124970932714344, 1732833879784408989, 
0.7114230394363403, 1.5330102443695068, -3.112497568922621, 1732833879876173599, 
0.7114230394363403, 1.5330102443695068, -3.1124980464458454, 1732833879976266703, 
0.7114230394363403, 1.5330102443695068, -3.112498759993464, 1732833880074156779, 
0.7114230394363403, 1.5330102443695068, -3.112499238650945, 1732833880166874057, 
0.7114230394363403, 1.5330102443695068, -3.1124999525441175, 1732833880276194513, 
0.7115079760551453, 1.5330469608306885, -3.1124708593938157, 1732833880376164454, 
0.7143514752388, 1.5339337587356567, -3.099507095458159, 1732833880474151778, 
0.7249404191970825, 1.5362529754638672, -3.065625198794919, 1732833880583992515, 
0.7250546216964722, 1.5361393690109253, -3.0632080937095107, 1732833880684179492, 
0.7250546216964722, 1.5361393690109253, -3.0462439262970995, 1732833880784192575, 
0.7250546216964722, 1.5361393690109253, -2.9928939490583764, 1732833880874826807, 
0.7250546216964722, 1.5361393690109253, -2.8865523789118193, 1732833880984049059, 
0.7250546216964722, 1.5361393690109253, -2.7728187922824787, 1732833881084195248, 
0.7250546216964722, 1.5361393690109253, -2.650381798857691, 1732833881184145182, 
0.7250546216964722, 1.5361393690109253, -2.5642366726533834, 1732833881274162275, 
0.7250546216964722, 1.5361393690109253, -2.5029941916818848, 1732833881374403325, 
0.7250546216964722, 1.5361393690109253, -2.4525471058906656, 1732833881484199449, 
0.7250546216964722, 1.5361393690109253, -2.4201505371977894, 1732833881584171122, 
0.7250546216964722, 1.5361393690109253, -2.413760230143514, 1732833881674167536, 
0.7250546216964722, 1.5361393690109253, -2.368610912740245, 1732833881774181181, 
0.7250546216964722, 1.5361393690109253, -2.291708804662153, 1732833881884317873, 
0.7250546216964722, 1.5361393690109253, -2.2145331064454865, 1732833881984232433, 
0.7250546216964722, 1.5361393690109253, -2.1099780916021573, 1732833882074316413, 
0.7250546216964722, 1.5361393690109253, -1.9389136155016797, 1732833882174350435, 
0.7250546216964722, 1.5361393690109253, -1.7158176359544655, 1732833882283943690, 
0.7250546216964722, 1.5361393690109253, -1.5165353083577473, 1732833882384371275, 
0.7250546216964722, 1.5361393690109253, -1.3473649235112037, 1732833882474365564, 
0.7250546216964722, 1.5361393690109253, -1.2280925729863692, 1732833882574153711, 
0.7250546216964722, 1.5361393690109253, -1.261903146767941, 1732833882684213605, 
0.7250546216964722, 1.5361393690109253, -1.3992023185128732, 1732833882764521181, 
0.7250546216964722, 1.5361393690109253, -1.656081485750409, 1732833882874511199, 
0.7250546216964722, 1.5361393690109253, -1.9046657764547936, 1732833882984417782, 
0.7250546216964722, 1.5361393690109253, -2.078597572495668, 1732833883064784083, 
0.7250546216964722, 1.5361393690109253, -2.2406056618549743, 1732833883184255546, 
0.7250546216964722, 1.5361393690109253, -2.191998758906306, 1732833883274266827, 
0.7250546216964722, 1.5361393690109253, -1.9546545103218376, 1732833883384408852, 
0.7250546216964722, 1.5361393690109253, -1.615994508432671, 1732833883484254125, 
0.7250546216964722, 1.5361393690109253, -1.267297773767131, 1732833883584220008, 
0.7250546216964722, 1.5361393690109253, -1.1363182839073525, 1732833883623998877, 
0.7250546216964722, 1.5361393690109253, -0.7206484858842666, 1732833883774809973, 
0.7250546216964722, 1.5361393690109253, -0.5290808702486732, 1732833883864419441, 
0.7250546216964722, 1.5361393690109253, -0.37093172488386356, 1732833883984229078, 
0.7250546216964722, 1.5361393690109253, -0.34410745466342063, 1732833884024067781, 
0.7250546216964722, 1.5361393690109253, -0.28305499133706913, 1732833884154366545, 
0.7250546216964722, 1.5361393690109253, -0.21047633017559572, 1732833884264584926, 
0.7250546216964722, 1.5361393690109253, -0.15733102762292211, 1732833884334467183, 
0.7250546216964722, 1.5361393690109253, -0.0884026929023475, 1732833884424373225, 
0.7250546216964722, 1.5361393690109253, -0.0003610310036766827, 1732833884574229645, 
0.7250546216964722, 1.5361393690109253, 0.03053132382656401, 1732833884664353772, 
0.7250546216964722, 1.5361393690109253, 0.05176614290781408, 1732833884784285202, 
0.7250546216964722, 1.5361393690109253, 0.04962637540520327, 1732833884874356125, 
0.7250546216964722, 1.5361393690109253, 0.042432582410108256, 1732833884947391380, 
0.7248344421386719, 1.536130428314209, 0.0389166479842246, 1732833885011017057, 
0.7327526211738586, 1.5358612537384033, 0.031512889016026155, 1732833885172436381, 
0.7312743663787842, 1.535871148109436, 0.02486107964313668, 1732833885274654808, 
0.732188880443573, 1.5368545055389404, 0.021190555278611488, 1732833885367663466, 
0.7319153547286987, 1.5367006063461304, 0.025125744720847675, 1732833885477522975, 
0.7314819693565369, 1.5367088317871094, 0.022231847216394457, 1732833885576240865, 
0.7315199375152588, 1.5367175340652466, 0.02186847035942236, 1732833885674514117, 
0.7317038178443909, 1.5366636514663696, 0.022960476795525434, 1732833885767427014, 
0.7316982746124268, 1.5366491079330444, 0.023004871379363048, 1732833885877595142, 
0.7316626310348511, 1.5366675853729248, 0.022710105426141037, 1732833885977428292, 
0.7316534519195557, 1.5366777181625366, 0.0226072455489847, 1732833886074325186, 
0.7316645979881287, 1.536665439605713, 0.02273278147203399, 1732833886167425059, 
0.7316640615463257, 1.5366660356521606, 0.02272729118765659, 1732833886277306488, 
0.7316635251045227, 1.5366665124893188, 0.022721331665993758, 1732833886377370659, 
0.7316604852676392, 1.5366698503494263, 0.022686949846691253, 1732833886474502018, 
0.7316546440124512, 1.536676287651062, 0.02262130479181933, 1732833886566205825, 
0.7316531538963318, 1.5366780757904053, 0.022604110559504235, 1732833886677255043, 
0.7316516041755676, 1.5366798639297485, 0.022586935262117244, 1732833886776319009, 
0.7316561341285706, 1.5366748571395874, 0.022638002021798345, 1732833886874734949, 
0.7316608428955078, 1.5366697311401367, 0.022690989616749323, 1732833886967624699, 
0.7316567301750183, 1.5366742610931396, 0.02264445765078852, 1732833887077366156, 
0.7316532731056213, 1.5366780757904053, 0.022605556466913423, 1732833887177452916, 
0.7316484451293945, 1.5366833209991455, 0.022551149424465088, 1732833887274631897, 
0.7316458225250244, 1.5366861820220947, 0.02252203731950436, 1732833887366358311, 
0.7316426634788513, 1.5366895198822021, 0.022486978423572702, 1732833887477251065, 
0.7316406965255737, 1.5366917848587036, 0.0224645474982819, 1732833887576257772, 
0.7316378951072693, 1.536694884300232, 0.02243327995778625, 1732833887674421475, 
0.7316364049911499, 1.536696434020996, 0.02241657787737004, 1732833887766285016, 
0.7316345572471619, 1.5366984605789185, 0.022396303678643738, 1732833887877083760, 
0.7316334247589111, 1.5366997718811035, 0.02238295484611168, 1732833887976474695, 
0.7316316962242126, 1.5367016792297363, 0.02236362804109195, 1732833888074422639, 
0.7316307425498962, 1.5367026329040527, 0.0223528952794424, 1732833888167853632, 
0.7316295504570007, 1.5367039442062378, 0.022339763660333696, 1732833888264265324, 
0.7316287755966187, 1.5367048978805542, 0.022331179955120812, 1732833888377401184, 
0.7316277623176575, 1.5367060899734497, 0.02231900155556559, 1732833888474285204, 
0.7316270470619202, 1.5367069244384766, 0.022310878689353837, 1732833888584234937, 
0.731626570224762, 1.5367075204849243, 0.022305385629868665, 1732833888677308569, 
0.7316262125968933, 1.536707878112793, 0.0223008498987526, 1732833888776351415, 
0.7316256761550903, 1.5367084741592407, 0.02229464820098247, 1732833888874662497, 
0.7316253781318665, 1.5367088317871094, 0.022291538741061347, 1732833888967663421, 
0.7316251397132874, 1.536709189414978, 0.022287934323880463, 1732833889077268655, 
0.7316250205039978, 1.5367093086242676, 0.022286496775660553, 1732833889127034631, 
0.7316247820854187, 1.5367096662521362, 0.02228339867295138, 1732833889224306082, 
0.7316244840621948, 1.5367100238800049, 0.02228029511135302, 1732833889367188834, 
0.7316242456436157, 1.536710262298584, 0.022277916228012784, 1732833889477340115, 
0.731624186038971, 1.5367103815078735, 0.022276480330077356, 1732833889576312798, 
0.7316240072250366, 1.5367106199264526, 0.022274099308035544, 1732833889674606992, 
0.7316238880157471, 1.5367107391357422, 0.022272660239693768, 1732833889767626148, 
0.7316237688064575, 1.5367108583450317, 0.022271472270269994, 1732833889878421155, 
0.731623649597168, 1.5367109775543213, 0.022270054701542884, 1732833889977260636, 
0.7316235303878784, 1.5367109775543213, 0.022268874295271995, 1732833890074242943, 
0.7316234707832336, 1.5367109775543213, 0.022268162625889456, 1732833890166222691, 
0.7316234707832336, 1.5367109775543213, 0.022267444339576534, 1732833890277279487, 
0.7316234111785889, 1.5367109775543213, 0.02226672723301272, 1732833890377252600, 
0.7316232919692993, 1.5367109775543213, 0.022265527851539152, 1732833890474317676, 
0.7316232323646545, 1.5367109775543213, 0.022264559897202472, 1732833890584250284, 
0.7316232323646545, 1.5367109775543213, 0.022264085512313632, 1732833890677282484, 
0.731623113155365, 1.5367109775543213, 0.022263131346663783, 1732833890777335046, 
0.7316229939460754, 1.5367109775543213, 0.022261941731586108, 1732833890873930154, 
0.7316229343414307, 1.5367110967636108, 0.02226097248488018, 1732833890967781001, 
0.7316228747367859, 1.5367110967636108, 0.02226001275465175, 1732833891077301485, 
0.7316228151321411, 1.5367110967636108, 0.02225952252499386, 1732833891177240087, 
0.7316227555274963, 1.5367110967636108, 0.02225879628224818, 1732833891274316586, 
0.7316227555274963, 1.5367110967636108, 0.022258548602113654, 1732833891367575396, 
0.7316227555274963, 1.5367110967636108, 0.022258551658668094, 1732833891477291140, 
0.7316227555274963, 1.5367110967636108, 0.022258072045605187, 1732833891576265955, 
0.7316227555274963, 1.5367110967636108, 0.022257342557464463, 1732833891674340130, 
0.7316227555274963, 1.5367110967636108, 0.022256842037583074, 1732833891784028342, 
0.7316227555274963, 1.5367110967636108, 0.02225684231597879, 1732833891877297390, 
0.7316227555274963, 1.5367110967636108, 0.02225683387151836, 1732833891977301171, 
0.7316227555274963, 1.5367110967636108, 0.022257287401500205, 1732833892074305356, 
0.7316227555274963, 1.5367110967636108, 0.022257523900355593, 1732833892167797398, 
0.7316227555274963, 1.5367110967636108, 0.02225750120748798, 1732833892277299970, 
0.7316227555274963, 1.5367110967636108, 0.022257498796189573, 1732833892377272183, 
0.7316227555274963, 1.5367110967636108, 0.022256997902701456, 1732833892474328552, 
0.7316227555274963, 1.5367110967636108, 0.02225626503516852, 1732833892583937753, 
0.7316227555274963, 1.5367110967636108, 0.02225579114009495, 1732833892677304317, 
0.7316227555274963, 1.5367110967636108, 0.022255540200295538, 1732833892777275747, 
0.7316227555274963, 1.5367110967636108, 0.02225480777575411, 1732833892874370357, 
0.7316227555274963, 1.5367110967636108, 0.022254564947463303, 1732833892984157151, 
0.7316227555274963, 1.5367110967636108, 0.022254320864719, 1732833893077305892, 
0.7316227555274963, 1.5367110967636108, 0.022254078509062147, 1732833893177310362, 
0.7316227555274963, 1.5367110967636108, 0.022253832090830743, 1732833893274374047, 
0.7316227555274963, 1.5367110967636108, 0.02225430130396753, 1732833893367664569, 
0.7316227555274963, 1.5367110967636108, 0.022254774568965647, 1732833893477315119, 
0.7316228151321411, 1.5367110967636108, 0.022255479091449957, 1732833893577281881, 
0.7316229343414307, 1.5367110967636108, 0.022256681491882188, 1732833893674329388, 
0.7316229343414307, 1.5367110967636108, 0.02225715006884544, 1732833893767796858, 
0.7316229939460754, 1.5367110967636108, 0.022258094108571724, 1732833893877315209, 
0.731623113155365, 1.5367110967636108, 0.02225904672798607, 1732833893977318768, 
0.7316232919692993, 1.5367110967636108, 0.02226047435376035, 1732833894074832171, 
0.7316233515739441, 1.5367110967636108, 0.02226141240668515, 1732833894184754269, 
0.7316233515739441, 1.5367110967636108, 0.022261650327800416, 1732833894277318088, 
0.7316233515739441, 1.5367110967636108, 0.022261398995007998, 1732833894377304262, 
0.7316233515739441, 1.5367110967636108, 0.022261382649927088, 1732833894474399725, 
0.7316233515739441, 1.5367110967636108, 0.0222613728950754, 1732833894567693061, 
0.7316233515739441, 1.5367110967636108, 0.022261355685022906, 1732833894677323072, 
0.7316233515739441, 1.5367110967636108, 0.022261347488888836, 1732833894777295107, 
0.7316233515739441, 1.5367110967636108, 0.02226085351499799, 1732833894874503628, 
0.7316233515739441, 1.5367110967636108, 0.02226058281386234, 1732833894967708613, 
0.7316233515739441, 1.5367110967636108, 0.022260340842031615, 1732833895077322726, 
0.7316233515739441, 1.5367110967636108, 0.02226010559653735, 1732833895177298243, 
0.7316233515739441, 1.5367110967636108, 0.022259636210150514, 1732833895274411824, 
0.7316233515739441, 1.5367110967636108, 0.022259411424209747, 1732833895385229335, 
0.7316233515739441, 1.5367110967636108, 0.02225940994782981, 1732833895477327700, 
0.7316233515739441, 1.5367110967636108, 0.022259643101914337, 1732833895577330994, 
0.7316233515739441, 1.5367110967636108, 0.022260112732673434, 1732833895674321541, 
0.7316234111785889, 1.5367110967636108, 0.02226082200253962, 1732833895783932073, 
0.7316234111785889, 1.5367110967636108, 0.022261053663038852, 1732833895878512386, 
0.7316234111785889, 1.5367110967636108, 0.022261520043394427, 1732833895977305626, 
0.7316234111785889, 1.5367110967636108, 0.02226149471064201, 1732833896074303544, 
0.7316234111785889, 1.5367110967636108, 0.022261713560565992, 1732833896184727378, 
0.7316234111785889, 1.5367110967636108, 0.022261704697584685, 1732833896277331792, 
0.7316234111785889, 1.5367110967636108, 0.022261926513278726, 1732833896377305205, 
0.7316234111785889, 1.5367110967636108, 0.022262163144053992, 1732833896424346607, 
0.7316234111785889, 1.5367110967636108, 0.02226238313422599, 1732833896567427107, 
0.7316234111785889, 1.5367110967636108, 0.02226211304376618, 1732833896677338852, 
0.7316234111785889, 1.5367110967636108, 0.02226184957339501, 1732833896777342797, 
0.7316233515739441, 1.5367110967636108, 0.02226088729840031, 1732833896874505760, 
0.7316233515739441, 1.5367110967636108, 0.022260643841072944, 1732833896967390413, 
0.7316233515739441, 1.5367110967636108, 0.022260650025845003, 1732833897077334605, 
0.7316233515739441, 1.5367110967636108, 0.022260649113077596, 1732833897127595355, 
0.7316233515739441, 1.5367110967636108, 0.02226088723915247, 1732833897224544166, 
0.7316233515739441, 1.5367110967636108, 0.022260395737829376, 1732833897367016117, 
0.7316233515739441, 1.5367110967636108, 0.022259907966484645, 1732833897477731940, 
0.7316233515739441, 1.5367110967636108, 0.022259671466717697, 1732833897577413155, 
0.7316233515739441, 1.5367110967636108, 0.022259426235565618, 1732833897624670890, 
0.731620728969574, 1.53671395778656, 0.0222298288029548, 1732833897767480180, 
0.7316187620162964, 1.536716103553772, 0.022208101611065754, 1732833897878047013, 
0.731615424156189, 1.536719799041748, 0.0221704026212717, 1732833897977360980, 
0.7316142916679382, 1.536720871925354, 0.022158236610059386, 1732833898074591866, 
0.7316142916679382, 1.536720871925354, 0.02215822850506758, 1732833898167022362, 
0.7316138744354248, 1.5367213487625122, 0.022152969048116353, 1732833898277516556, 
0.731616199016571, 1.536718726158142, 0.02217919082237658, 1732833898377378305, 
0.7316150665283203, 1.5367200374603271, 0.022166313518564757, 1732833898474457927, 
0.7316168546676636, 1.5367180109024048, 0.02218635382813024, 1732833898567046382, 
0.7316135168075562, 1.5367218255996704, 0.0221481669441174, 1732833898677531983, 
0.731611967086792, 1.5367236137390137, 0.022130513618019213, 1732833898777355980, 
0.731611967086792, 1.5367236137390137, 0.022130024489754208, 1732833898875659288, 
0.731611967086792, 1.5367236137390137, 0.022129793962012773, 1732833898967163881, 
0.731611967086792, 1.5367236137390137, 0.022129328546970323, 1732833899064657922, 
0.731611967086792, 1.5367236137390137, 0.022128833701928814, 1732833899177406944, 
0.731611967086792, 1.5367236137390137, 0.022128593403476882, 1732833899225461939, 
0.731611967086792, 1.5367236137390137, 0.022128103518264948, 1732833899384955716, 
0.731611967086792, 1.5367236137390137, 0.02212809690837759, 1732833899476916505, 
0.731611967086792, 1.5367236137390137, 0.022128081019169188, 1732833899577374685, 
0.731611967086792, 1.5367236137390137, 0.022128558625959492, 1732833899675618859, 
0.731611967086792, 1.5367236137390137, 0.02212878639870727, 1732833899767608514, 
0.731611967086792, 1.5367236137390137, 0.02212901749517659, 1732833899877671420, 
0.731611967086792, 1.5367236137390137, 0.02212900856318197, 1732833899977389168, 
0.731611967086792, 1.5367236137390137, 0.02212901819340934, 1732833900075750070, 
0.731611967086792, 1.5367236137390137, 0.022129013100882156, 1732833900137327399, 
0.731611967086792, 1.5367236137390137, 0.022128516347972388, 1732833900277556852, 
0.731611967086792, 1.5367236137390137, 0.02212850959832884, 1732833900328542316, 
0.7316119074821472, 1.5367236137390137, 0.022127572204108124, 1732833900475792407, 
0.7316073179244995, 1.5367212295532227, 0.02253932396325798, 1732833900567680750, 
0.7316373586654663, 1.5366785526275635, 0.02228935325505327, 1732833900617386439, 
0.7314431667327881, 1.536902666091919, 0.024192383887800106, 1732833900777356092, 
0.7222658395767212, 1.5366519689559937, 0.02232165230031869, 1732833900874997789, 
0.7056105136871338, 1.5349531173706055, -0.016382728084371936, 1732833900967204957, 
0.7056105136871338, 1.5349531173706055, -0.06267048934449215, 1732833901084368338, 
0.7056105136871338, 1.5349531173706055, -0.08816364840480866, 1732833901185572810, 
0.7056105136871338, 1.5349531173706055, -0.11218283812223485, 1732833901275599882, 
0.7056105136871338, 1.5349531173706055, -0.11627172376934349, 1732833901345039924, 
0.7056105136871338, 1.5349531173706055, -0.10956864674083235, 1732833901485431336, 
0.7056105136871338, 1.5349531173706055, -0.12013311682782452, 1732833901535024872, 
0.7056105136871338, 1.5349531173706055, -0.169597834324861, 1732833901675233522, 
0.7056105136871338, 1.5349531173706055, -0.18002526392277013, 1732833901775178966, 
