acc_x, acc_y, angular_z, stamp, 
0.005533754825592041, -0.011010587215423584, 3.7117289014067604e-10, 1727987255033939798, 
-0.019630730152130127, -0.0001157522201538086, 2.5006211101439563e-07, 1727987255063781041, 
-0.01054239273071289, -0.018199622631072998, 2.7360909860931404e-10, 1727987255093728632, 
-0.01941782236099243, 0.0017243027687072754, 4.968210013436634e-07, 1727987255123734947, 
-0.006750226020812988, -5.549192428588867e-05, 4.977627756633387e-07, 1727987255153681028, 
-0.038865745067596436, -0.010920047760009766, 4.978641031429183e-07, 1727987255183618035, 
-0.009808242321014404, -0.005424439907073975, 2.3775372645170704e-07, 1727987255214949673, 
-0.01308530569076538, 0.02159672975540161, 6.947833675011967e-07, 1727987255247112782, 
-0.030768513679504395, -0.009223222732543945, 5.631411353076774e-07, 1727987255273560103, 
-0.007138729095458984, 0.008410215377807617, 4.975935350983097e-07, 1727987255303489902, 
0.002095162868499756, 0.026134192943572998, 9.92349748123398e-07, 1727987255333513292, 
-0.017382681369781494, 0.0007966160774230957, 1.2461162159778234e-06, 1727987255363402789, 
-0.008059084415435791, 0.005839705467224121, 1.2448218975206394e-06, 1727987255393325142, 
0.01186060905456543, -0.021313607692718506, 1.489414960042634e-06, 1727987255423338201, 
-0.004287004470825195, -0.01602792739868164, 1.4255694396752972e-06, 1727987255454695955, 
-0.030984222888946533, 0.011010169982910156, 1.4349761662309511e-06, 1727987255485847936, 
0.00529325008392334, 0.005560755729675293, 1.6249748737593442e-06, 1727987255513358169, 
0.025197088718414307, -0.00731271505355835, 1.7510426688786813e-06, 1727987255543143839, 
0.03233569860458374, -0.012623190879821777, 1.4922474706161992e-06, 1727987255573104226, 
-0.007241487503051758, -0.0035039782524108887, 1.4892220091834406e-06, 1727987255603123867, 
-0.012552440166473389, -0.007189810276031494, 1.4774693568918868e-06, 1727987255633382030, 
0.02522212266921997, 0.009088993072509766, 1.5552051175091583e-06, 1727987255662127766, 
0.021462738513946533, -0.012603044509887695, 1.1288298681728055e-06, 1727987255695133082, 
-0.030823111534118652, 0.028390705585479736, 9.906315532168155e-07, 1727987255725221826, 
-0.014522016048431396, 0.019197583198547363, 1.3356933628545991e-06, 1727987255753117233, 
0.005450725555419922, -0.008053243160247803, 1.0034051634770688e-06, 1727987255782828346, 
0.009002268314361572, -0.019033491611480713, 1.2353766133823613e-06, 1727987255812993636, 
-3.3855438232421875e-05, -0.015244603157043457, 1.0029648508374892e-06, 1727987255842717750, 
-0.005218088626861572, -0.004174649715423584, 9.956396899816059e-07, 1727987255872658489, 
-0.015757262706756592, -0.009416460990905762, 9.906393347712324e-07, 1727987255902747219, 
0.020217418670654297, -0.009277760982513428, 6.972128553403929e-07, 1727987255934811214, 
0.01455390453338623, -0.0144730806350708, 1.072394853811465e-06, 1727987255962601983, 
-0.039486467838287354, -0.005233466625213623, 9.94949984196854e-07, 1727987255992554361, 
0.00019800662994384766, 0.004090309143066406, 9.951333877065804e-07, 1727987256022499639, 
0.028958141803741455, 0.016434133052825928, 1.242994394619862e-06, 1727987256052467640, 
0.01792120933532715, -0.0034554004669189453, 7.46313804620165e-07, 1727987256082414870, 
-0.03250223398208618, -0.04301053285598755, 9.829743927474803e-07, 1727987256112732498, 
-0.008965611457824707, 0.007555782794952393, 2.4472110111510453e-07, 1727987256143168795, 
0.00011414289474487305, 0.034420132637023926, 7.073612670114433e-07, 1727987256174764081, 
0.026850342750549316, 0.010724067687988281, 5.397624270955295e-07, 1727987256202370731, 
-0.00943666696548462, -0.021741807460784912, 2.4971073767171365e-07, 1727987256232208259, 
-0.02221912145614624, 5.441904067993164e-05, 2.488771995717769e-07, 1727987256262144723, 
-0.007901906967163086, 0.025253355503082275, -3.3038453907458326e-12, 1727987256292167410, 
0.0046315789222717285, 3.981590270996094e-05, -1.027406891633853e-12, 1727987256321080149, 
-0.008066296577453613, -0.028660893440246582, -2.7486253363656096e-13, 1727987256352030961, 
0.015274405479431152, -0.0015106201171875, 4.626539558488702e-13, 1727987256383083533, 
-0.009777069091796875, 0.004102349281311035, -4.648651489390418e-12, 1727987256415013089, 
0.03516244888305664, 0.011374711990356445, 2.7614666144977847e-07, 1727987256441991665, 
0.013348519802093506, -0.003041982650756836, 5.9832884540409235e-12, 1727987256470881791, 
0.014815092086791992, 0.01487874984741211, 3.389277032096555e-11, 1727987256501847772, 
-0.01404482126235962, -0.014043986797332764, -4.969222896419325e-07, 1727987256531831990, 
0.011172890663146973, 0.02350848913192749, 1.2140635116948681e-11, 1727987256561745914, 
0.04157072305679321, -0.009160935878753662, -7.442847368823927e-07, 1727987256591778452, 
-0.00548863410949707, -0.0023528337478637695, -4.806671738235631e-07, 1727987256622786200, 
-0.007413625717163086, -0.022339463233947754, -4.560608526117044e-07, 1727987256655471058, 
-5.942583084106445e-05, 0.009778320789337158, -4.1100216352000636e-07, 1727987256691752493, 
0.01971834897994995, -0.006626904010772705, -4.98003277130511e-07, 1727987256721687037, 
0.01955467462539673, -0.0013629794120788574, -4.968842491617336e-07, 1727987256751692010, 
-0.02189040184020996, 0.014876782894134521, -4.734308688478357e-07, 1727987256783183465, 
-0.0038313865661621094, -0.0011135339736938477, -4.7161198516498526e-07, 1727987256814794378, 
0.028432011604309082, -0.012044548988342285, -5.549105556405276e-07, 1727987256841659281, 
0.008346617221832275, -0.045999348163604736, -4.982346720053189e-07, 1727987256871582051, 
-0.0009341239929199219, -0.0025938749313354492, -4.973368133336013e-07, 1727987256901555552, 
-0.013540446758270264, -0.007730543613433838, -4.968000030511456e-07, 1727987256931556524, 
-0.0007724165916442871, 0.0013306140899658203, -4.978806156941615e-07, 1727987256961489534, 
0.017235875129699707, -0.023957014083862305, -2.47983326427916e-07, 1727987256991539916, 
0.004579782485961914, -0.02375251054763794, -4.759137283044248e-07, 1727987257022851742, 
-0.013342738151550293, -0.0003272891044616699, -2.5077593233856626e-07, 1727987257052562086, 
-0.025611579418182373, 0.021086156368255615, -5.134474804253542e-07, 1727987257081584270, 
0.02184474468231201, 0.013735353946685791, -0.0010873340293891397, 1727987257111548751, 
0.07576364278793335, -0.018396854400634766, 0.0015613859931650383, 1727987257141525010, 
-0.7262259125709534, 0.915386974811554, 0.17955721079305137, 1727987257171550352, 
-0.39488154649734497, 0.44718384742736816, 0.6298537719149395, 1727987257201520235, 
-0.39547818899154663, 0.08872205018997192, 0.8946614730991987, 1727987257231637225, 
0.10546547174453735, -0.18917584419250488, 1.0761359152710808, 1727987257262844693, 
-0.5090909004211426, 0.5796952247619629, 1.471281322066332, 1727987257289918539, 
0.41011273860931396, 0.4538968801498413, 1.4542379641758698, 1727987257321542003, 
-0.7690592408180237, -0.00948786735534668, 1.7391076123591862, 1727987257351368908, 
0.5857288837432861, 0.08780479431152344, 1.9350915258881127, 1727987257380621047, 
-0.5413444638252258, -0.09084206819534302, 2.0256278682659983, 1727987257410631682, 
0.25670671463012695, -0.4742366671562195, 2.037311372048313, 1727987257440551228, 
-0.3823305368423462, 0.18167412281036377, 2.0364873650580395, 1727987257469897169, 
0.45099443197250366, 0.18262255191802979, 1.751817526955024, 1727987257503135468, 
-0.36846041679382324, -0.6214397549629211, 2.061670902478707, 1727987257530445706, 
-0.07116276025772095, 0.04024595022201538, 1.882569408333107, 1727987257560413579, 
-0.03778606653213501, 0.5112870931625366, 1.9113934134737138, 1727987257590344735, 
-0.021439671516418457, -0.3532835841178894, 1.9014644989275493, 1727987257620315495, 
-0.31763333082199097, -0.5551514029502869, 1.9365435072222192, 1727987257650276140, 
-0.26448583602905273, 0.8688361048698425, 1.936536492101105, 1727987257680265770, 
0.17157834768295288, 0.04030388593673706, 1.9191247970045373, 1727987257710279608, 
-0.18847841024398804, -0.8138439655303955, 1.7452384528006994, 1727987257743315210, 
0.4314582347869873, 0.26574212312698364, 2.1579265314618805, 1727987257770133333, 
-0.11839962005615234, 0.23492556810379028, 1.9081457799592767, 1727987257800043397, 
-0.1727953553199768, 0.07215219736099243, 1.890802600263717, 1727987257830016904, 
-0.046990275382995605, -0.1729913353919983, 1.924563662819551, 1727987257860105091, 
-0.2351614236831665, -0.2313166856765747, 1.9306909003392057, 1727987257889920908, 
0.5823543071746826, 0.05879616737365723, 1.8990247493119137, 1727987257919955188, 
-0.3079948425292969, 0.1771603226661682, 1.8550285460089286, 1727987257950952470, 
0.24479717016220093, 0.5697411298751831, 1.8505195885861259, 1727987257981959431, 
-0.495195209980011, -0.05730783939361572, 2.042602067303725, 1727987258009820188, 
0.07101476192474365, -0.55366450548172, 1.914205915361989, 1727987258039743629, 
-0.2413462996482849, -0.21748220920562744, 1.9295686418540932, 1727987258069678298, 
-0.23426169157028198, 0.2532224655151367, 1.9326945024504671, 1727987258099643709, 
-0.22989648580551147, 0.34227102994918823, 1.9685344578395039, 1727987258129637505, 
-0.11862850189208984, 0.21771478652954102, 1.9702377497620824, 1727987258159616763, 
-0.20864319801330566, 0.14566385746002197, 1.8106144489832146, 1727987258191536193, 
0.5988394021987915, -0.07194525003433228, 1.8384716099327654, 1727987258222744300, 
-0.17511719465255737, -0.3724774718284607, 2.1611706547490037, 1727987258249511300, 
-0.26410508155822754, 0.061619579792022705, 1.9121026083465291, 1727987258279449078, 
-0.40004777908325195, 0.1352829933166504, 1.8919863817015328, 1727987258309339341, 
0.07435214519500732, 0.1259160041809082, 1.8945128826901885, 1727987258339352856, 
0.21327602863311768, 0.2689294219017029, 1.8928492282075708, 1727987258369264439, 
-0.2608134150505066, 0.4667634963989258, 1.853317205773163, 1727987258399265029, 
0.04732835292816162, 0.21336686611175537, 1.7850048217249168, 1727987258431107610, 
-0.07063353061676025, 0.1030968427658081, 1.8951856293708296, 1727987258461657459, 
0.3106982111930847, 0.15032923221588135, 2.065225962479141, 1727987258489118575, 
-0.27981317043304443, 0.19373875856399536, 1.8773416176392919, 1727987258519078754, 
0.15224069356918335, -0.05639153718948364, 1.9194709333575115, 1727987258549026233, 
-0.5566760897636414, -0.08278244733810425, 1.9377276237590435, 1727987258579002792, 
0.21126139163970947, -0.20331162214279175, 1.8990402006484202, 1727987258608970686, 
0.3111407160758972, 0.22623074054718018, 1.83736735892876, 1727987258639479251, 
-0.2670004963874817, -0.1758580207824707, 1.8008035814686292, 1727987258671220763, 
0.036256492137908936, 0.31921857595443726, 2.117885544549655, 1727987258698941870, 
-0.2528291940689087, 0.518506646156311, 1.956685360271362, 1727987258729006151, 
-0.003221273422241211, 0.29106605052948, 1.9403229889391753, 1727987258758911693, 
-0.25106412172317505, 0.3015173077583313, 1.9139048090478918, 1727987258788659707, 
-0.02416139841079712, 0.4006449580192566, 1.859398031557367, 1727987258818677208, 
-1.5455870628356934, 0.0763629674911499, 1.8699169273144076, 1727987258848675624, 
0.245103120803833, -0.1147114634513855, 1.8594429828800731, 1727987258879142425, 
-0.9483661651611328, 0.35592907667160034, 1.7998947301396062, 1727987258911119480, 
0.35283833742141724, 0.28500014543533325, 2.1193859641252493, 1727987258938581351, 
-0.5725642442703247, -0.21536695957183838, 1.9216405788383817, 1727987258968455821, 
0.1000969409942627, 0.04362553358078003, 1.863874653191675, 1727987258998411058, 
0.005464673042297363, 0.24014753103256226, 1.8418186235154153, 1727987259028416006, 
-0.1947920322418213, -0.21805548667907715, 1.8603728739346206, 1727987259058354891, 
-0.4820631742477417, -0.09974271059036255, 1.8665933007856121, 1727987259088300433, 
-0.11836212873458862, 0.4308933615684509, 1.8238689277980935, 1727987259119363764, 
-0.16838908195495605, 0.11116927862167358, 1.8147253020051999, 1727987259151411741, 
-0.2600894570350647, 0.4316428303718567, 2.214431567915037, 1727987259178226755, 
0.5288020372390747, 1.357027292251587, 1.9853421782857676, 1727987259208149667, 
0.07679545879364014, 0.6025506854057312, 1.9683023347269113, 1727987259238115130, 
0.1773221492767334, -0.14348232746124268, 1.925656465233712, 1727987259268045625, 
0.11327272653579712, 0.11635959148406982, 1.89989123756559, 1727987259298024409, 
-0.01596277952194214, 0.09662508964538574, 1.884969216652447, 1727987259328008867, 
-0.3221766948699951, -0.12716662883758545, 1.8389873444129898, 1727987259359103283, 
-0.06478387117385864, 0.25417059659957886, 1.808203000779764, 1727987259390986445, 
-0.2854146361351013, 0.438926100730896, 2.1181344900421304, 1727987259417983241, 
-0.39472079277038574, 0.13373422622680664, 1.9801923722074954, 1727987259446873938, 
0.25736719369888306, 0.05570775270462036, 1.8778734452023484, 1727987259477780061, 
-0.1302444338798523, 0.22154146432876587, 1.9254452297078994, 1727987259507758970, 
0.8038232922554016, 0.374778151512146, 1.915270461199748, 1727987259537759077, 
0.5568062663078308, 0.3285655975341797, 1.9101473458422247, 1727987259567781058, 
-0.3265863060951233, 0.598142147064209, 1.7122997012435366, 1727987259599506167, 
-0.22463089227676392, 0.31645965576171875, 1.7288581693165488, 1727987259630699989, 
-0.1413823366165161, -0.11941832304000854, 2.015198383848201, 1727987259657647247, 
-0.6373407244682312, 0.22312003374099731, 1.8139726702302668, 1727987259687478858, 
0.3116217255592346, 0.828905463218689, 1.8090628679722147, 1727987259717485496, 
-0.5117497444152832, 0.2908286452293396, 1.8136898525809075, 1727987259747401439, 
0.02510887384414673, -0.19164299964904785, 1.818179549040379, 1727987259777358560, 
0.07203114032745361, 0.2851713299751282, 1.862377961821264, 1727987259807446716, 
-0.34415292739868164, 0.546292781829834, 1.8144310716550716, 1727987259838102930, 
-0.12757551670074463, 0.34857630729675293, 1.7465390759496147, 1727987259869246669, 
-0.20548772811889648, 0.2782924175262451, 1.9023076205448561, 1727987259897327465, 
-0.0019116997718811035, 0.25441062450408936, 1.754021926732326, 1727987259927162993, 
-0.2155015468597412, -0.11637741327285767, 1.5627620004364557, 1727987259949058850, 
-0.2723950147628784, 0.17365455627441406, 1.779915813284504, 1727987259987086453, 
-0.3240879774093628, 0.727630078792572, 1.7074753446736808, 1727987260017082208, 
-0.0023639798164367676, 0.526573657989502, 1.7523206360393124, 1727987260047409075, 
-0.3394784927368164, 0.0025797486305236816, 1.680846428282612, 1727987260079126180, 
0.2484515905380249, 0.12018728256225586, 1.87705798230283, 1727987260107008025, 
-0.12667816877365112, 0.4795569181442261, 1.7830571652200689, 1727987260135902364, 
-0.20596426725387573, 0.5509012937545776, 1.6315677361780556, 1727987260166863173, 
-0.5503925085067749, -0.12147539854049683, 1.7382511890546983, 1727987260195897411, 
-0.20779341459274292, 0.32183265686035156, 1.7166376290761765, 1727987260225887413, 
0.20591557025909424, 0.428647518157959, 1.7239370520985846, 1727987260255880883, 
0.3188174366950989, 0.4113965630531311, 1.6338224437203661, 1727987260287003466, 
-0.20257627964019775, -0.19621270895004272, 1.5535151214330793, 1727987260319162053, 
-0.30069833993911743, 0.09096068143844604, 1.7980797733214342, 1727987260346677026, 
-0.018888413906097412, 0.7782377004623413, 1.6339722134164698, 1727987260376618530, 
0.0370214581489563, 0.5748099684715271, 1.6475271311071795, 1727987260406541916, 
0.12244069576263428, -0.16136354207992554, 1.6217800509856974, 1727987260436489215, 
-0.12154364585876465, -0.02299332618713379, 1.5596443205290431, 1727987260466437209, 
-0.38349205255508423, 0.7663622498512268, 1.561848716494983, 1727987260496442196, 
0.3809856176376343, 0.7669139504432678, 1.6400898988401604, 1727987260526013683, 
-0.178095281124115, 0.3862759470939636, 1.4446984787179913, 1727987260559369001, 
-0.04736548662185669, -0.374692440032959, 1.7285853438436982, 1727987260586403627, 
0.14692693948745728, 0.1951492428779602, 1.6078940869811396, 1727987260616223607, 
0.16580051183700562, 0.873181939125061, 1.6351028676980464, 1727987260646192468, 
-0.07190299034118652, 0.03469383716583252, 1.5880309031431172, 1727987260676160365, 
-0.07929277420043945, -0.04824542999267578, 1.5262324986241862, 1727987260706155094, 
0.029850542545318604, 0.439544141292572, 1.553714312284523, 1727987260736081377, 
0.22540748119354248, 0.5370810627937317, 1.5037226020087322, 1727987260767186256, 
-0.43463069200515747, 0.49328458309173584, 1.4325792406677873, 1727987260799525045, 
-0.08563894033432007, 0.20196425914764404, 1.7306169139037972, 1727987260825944289, 
0.16120445728302002, 0.1837514042854309, 1.5621345941771254, 1727987260854907912, 
-0.11807823181152344, 0.16715461015701294, 1.4587144407132815, 1727987260885920150, 
-0.3284507393836975, 0.2856098413467407, 1.4744238279335877, 1727987260915846267, 
-0.28027790784835815, 1.0103777647018433, 1.4597472613412532, 1727987260945799635, 
-0.0551835298538208, -0.11852383613586426, 1.471352587626563, 1727987260975825422, 
-0.04678159952163696, -0.281852662563324, 1.3852598701370544, 1727987261007491643, 
-0.35256069898605347, 0.7031475305557251, 1.4117352299345407, 1727987261038351706, 
0.1263662576675415, 0.6490753293037415, 1.5976037955011004, 1727987261065656522, 
-0.05363571643829346, 0.35275840759277344, 1.4495017172308908, 1727987261095590154, 
-0.05530315637588501, 0.18094569444656372, 1.4434474101611678, 1727987261125542045, 
-0.2843564748764038, 0.07716357707977295, 1.4561721831659846, 1727987261155530798, 
0.3657301068305969, 0.7982165813446045, 1.4530477836059323, 1727987261185473648, 
-0.4388750195503235, 0.5545772910118103, 1.4139940637736579, 1727987261215566809, 
-0.2068479061126709, -0.1309424638748169, 1.3505749932371158, 1727987261247311184, 
-0.061324119567871094, 0.08335888385772705, 1.4792009177569179, 1727987261276505726, 
0.036839306354522705, 0.5890107750892639, 1.4740024512279997, 1727987261305325881, 
-0.42764776945114136, 0.34347301721572876, 1.3933447334961855, 1727987261335246282, 
0.13952797651290894, 0.05611300468444824, 1.3590025441841584, 1727987261365238941, 
-0.19961810111999512, 0.5882582664489746, 1.3184681746718487, 1727987261395262957, 
0.03686445951461792, 0.10130059719085693, 1.3370138328625503, 1727987261425097994, 
0.21734702587127686, 0.24219238758087158, 1.3383287488011106, 1727987261455527136, 
-0.4916905164718628, 0.9032323956489563, 1.2573529742135607, 1727987261487099681, 
-0.04266822338104248, 0.40619921684265137, 1.4318285925200596, 1727987261515012205, 
-0.2279842495918274, 0.20731735229492188, 1.368505429336119, 1727987261544973337, 
-0.1658206582069397, -0.016453146934509277, 1.3762764444027051, 1727987261574985453, 
0.17331182956695557, 0.39313656091690063, 1.360882403364103, 1727987261604959246, 
-0.15061014890670776, 0.8240339159965515, 1.3043330725509266, 1727987261634932218, 
0.13006681203842163, -0.31721585988998413, 1.3625468437744452, 1727987261663907093, 
-0.20250433683395386, 0.6103502511978149, 1.2630827947413927, 1727987261695357790, 
-0.276655375957489, 0.5171699523925781, 1.261750252715889, 1727987261727116454, 
-0.11269271373748779, 0.20831173658370972, 1.4474865670515111, 1727987261754745028, 
-0.16941457986831665, -0.13423877954483032, 1.3332795028813917, 1727987261784649175, 
-0.014902591705322266, 0.16804182529449463, 1.3470983805976615, 1727987261814616283, 
0.07419854402542114, 0.7620513439178467, 1.300492107826045, 1727987261844557412, 
-0.2612805962562561, 0.36375051736831665, 1.251821885701468, 1727987261874560241, 
-0.04034316539764404, -0.08356881141662598, 1.2585400084067, 1727987261904479081, 
0.4087061285972595, 0.11703014373779297, 1.2386089598806127, 1727987261935138245, 
-0.48492521047592163, 0.980323314666748, 1.1457880398070635, 1727987261967678550, 
0.2990061640739441, 0.5401660203933716, 1.3837022066147069, 1727987261994393378, 
-0.669407069683075, 0.1345003843307495, 1.2712184439131733, 1727987262024282113, 
0.28404009342193604, -0.054416000843048096, 1.2736128917193883, 1727987262054298014, 
-0.08698797225952148, 0.4348440170288086, 1.297425709015132, 1727987262084215637, 
-0.023106038570404053, 0.5576759576797485, 1.2517271647119055, 1727987262114197603, 
-0.04406106472015381, -0.03120487928390503, 1.2712027742677499, 1727987262144184583, 
-0.13988816738128662, 0.24317127466201782, 1.2014691098197048, 1727987262175243767, 
-0.10430657863616943, 0.40197545289993286, 1.1796694401855843, 1727987262207114519, 
-0.1323642134666443, 0.35464322566986084, 1.405225155748513, 1727987262234126205, 
-0.2712363004684448, 0.35319358110427856, 1.2891306960721944, 1727987262264000481, 
-0.21494728326797485, 0.24888020753860474, 1.2593649233585638, 1727987262293949067, 
0.2887316346168518, 0.17275112867355347, 1.2220620210517694, 1727987262323913949, 
-0.06829196214675903, 0.2821405529975891, 1.1906783653025688, 1727987262353946232, 
0.06376713514328003, 0.2996036410331726, 1.213390218115573, 1727987262382902870, 
-0.19703608751296997, 0.8095512390136719, 1.0901602985326146, 1727987262415750749, 
-0.25008344650268555, -0.021530449390411377, 1.1344070217117508, 1727987262447103490, 
0.3140692710876465, -0.18114632368087769, 1.3408548818828399, 1727987262473836277, 
-0.18014895915985107, 0.45958781242370605, 1.2014060235868902, 1727987262503682974, 
0.7939695119857788, 0.6296398043632507, 1.1835542804326173, 1727987262533668659, 
-0.4450418949127197, 0.657132625579834, 1.126329124836819, 1727987262563589071, 
0.16591113805770874, -0.18588602542877197, 1.1485922528937422, 1727987262593546471, 
0.12687039375305176, 0.12678217887878418, 1.1464794416751436, 1727987262623515700, 
0.1115347146987915, 0.8825308680534363, 1.07944709285606, 1727987262655140116, 
-0.36681944131851196, 0.3114060163497925, 1.1386290636011298, 1727987262685276870, 
-0.1283690333366394, -0.032209038734436035, 1.2353885580373938, 1727987262713413542, 
0.280153751373291, 0.47555482387542725, 1.1723089584951016, 1727987262743370545, 
-0.2501954436302185, 0.0564458966255188, 1.1515863056979132, 1727987262773359385, 
-0.3526628017425537, 0.49037158489227295, 1.1263690536577828, 1727987262803254983, 
0.18394696712493896, 0.33223026990890503, 1.129578429819552, 1727987262833314933, 
-0.21599256992340088, 0.1609588861465454, 1.114518426049887, 1727987262863593368, 
-0.07109516859054565, 0.06860047578811646, 1.063085067004019, 1727987262895144490, 
0.057292044162750244, 0.418473482131958, 1.0879950531928955, 1727987262925380549, 
-0.3820227384567261, 0.624886155128479, 1.2003393863929233, 1727987262953112695, 
0.007265031337738037, 0.24995189905166626, 1.1069444613264552, 1727987262983102137, 
-0.18546676635742188, 0.262012779712677, 1.09190172935438, 1727987263013110195, 
0.2064456343650818, -0.07034051418304443, 1.0932043974930508, 1727987263042998346, 
0.08293688297271729, 0.5585170388221741, 1.1063818266902001, 1727987263072988806, 
-0.09561997652053833, 0.6297749280929565, 1.0832391472073577, 1727987263103161745, 
-0.5214555859565735, 0.040760159492492676, 0.996898821015263, 1727987263135435439, 
-0.22186881303787231, 0.19860059022903442, 1.1759477088051142, 1727987263163109035, 
-0.4415351152420044, 0.4888579249382019, 1.1000313810025413, 1727987263192831811, 
-0.30058974027633667, 0.6359440088272095, 1.1166853815581037, 1727987263222740459, 
0.03829395771026611, -0.1574607491493225, 1.1201847576156876, 1727987263252711223, 
0.1194925308227539, 0.15018576383590698, 1.109396838903884, 1727987263282591276, 
0.47382545471191406, 0.40644747018814087, 1.0727137106216902, 1727987263312636315, 
-0.48285728693008423, 0.4177935719490051, 1.0184105812025632, 1727987263343215910, 
0.1544179916381836, 0.0964210033416748, 0.9412148845676566, 1727987263376027809, 
-0.3167901635169983, -0.03227883577346802, 1.1849725659787824, 1727987263402521266, 
0.4064111113548279, 0.567261815071106, 1.0453377732303242, 1727987263432409705, 
-0.041441380977630615, 0.37339848279953003, 1.0296586241721064, 1727987263462380555, 
0.227772057056427, 0.5597653985023499, 1.0582706614619246, 1727987263492306216, 
0.13165336847305298, 0.1525675654411316, 1.0342409239675907, 1727987263522296044, 
0.14775985479354858, 0.13736623525619507, 1.0273806530292684, 1727987263552282710, 
0.27908146381378174, 0.03422039747238159, 1.0065023872439025, 1727987263583484361, 
-0.5111505389213562, 0.09174084663391113, 0.9793568713144047, 1727987263615463385, 
0.6521033048629761, 0.8055765628814697, 1.1552039188200338, 1727987263642194071, 
-0.24877429008483887, 0.23039007186889648, 1.0055276622748635, 1727987263672238498, 
-0.024540841579437256, -0.27611786127090454, 1.0070721053628557, 1727987263702124843, 
0.38830190896987915, 0.2552258372306824, 1.0290987093250865, 1727987263732102671, 
-0.35527288913726807, 0.6631878614425659, 1.033428015857564, 1727987263762093062, 
0.07397991418838501, 0.28212130069732666, 1.0264455388385223, 1727987263792125037, 
-0.09404349327087402, 0.21800071001052856, 0.9293214362439837, 1727987263823841801, 
-0.21999210119247437, 0.00016385316848754883, 0.9355452481196, 1727987263855246759, 
0.3590845465660095, 0.44283634424209595, 1.0970700241401745, 1727987263882068110, 
-0.4207037687301636, 0.4409983158111572, 0.959472682209359, 1727987263912048609, 
0.35421812534332275, 0.20393407344818115, 0.9999425661240466, 1727987263940894436, 
-0.22711455821990967, 0.10937666893005371, 0.9244264109646325, 1727987263971978480, 
0.25915002822875977, 0.26493656635284424, 0.9919870748336327, 1727987264000880391, 
-0.13240933418273926, 0.4054594039916992, 0.9037338117566058, 1727987264031922842, 
-0.09266650676727295, 0.2625439167022705, 0.903174220264006, 1727987264063258567, 
0.053391993045806885, 0.4673635959625244, 0.9398770227117811, 1727987264094003231, 
-0.3358781933784485, -0.10327792167663574, 1.0832981050356525, 1727987264120882078, 
-0.008606255054473877, -0.012833714485168457, 0.9853933833854441, 1727987264150903235, 
0.4788855314254761, 0.8711531162261963, 0.9755152234855347, 1727987264181837160, 
-0.1927943229675293, 0.425817608833313, 1.0140212126007337, 1727987264210881952, 
-0.232807457447052, 0.12374907732009888, 0.9160672569368997, 1727987264241826614, 
0.1990709900856018, -0.11528098583221436, 0.9296937805140296, 1727987264271996360, 
-0.2651689052581787, 0.44771915674209595, 0.9133038800713731, 1727987264303264137, 
0.4585241675376892, 0.4159415364265442, 1.0293339508033421, 1727987264331227586, 
-0.3141160011291504, -0.16593509912490845, 0.8960940665354513, 1727987264361871617, 
0.22552937269210815, 0.42660582065582275, 0.947020637464825, 1727987264391794373, 
0.2849147319793701, 0.11904799938201904, 0.990559898996355, 1727987264421051643, 
0.08908432722091675, 0.1646733283996582, 0.9296012874565187, 1727987264451037283, 
0.017947018146514893, 0.8219260573387146, 0.9432933196110965, 1727987264481139692, 
-0.2548319101333618, 0.1439417004585266, 0.9174772945318366, 1727987264511597461, 
-0.1883494257926941, 0.14581161737442017, 0.864533360991851, 1727987264543270889, 
-0.06733930110931396, 0.14091986417770386, 1.0148718913723374, 1727987264571050490, 
0.12791204452514648, -0.10966223478317261, 0.9731020588000986, 1727987264599896122, 
0.2573356032371521, -0.16220760345458984, 0.8948778227019708, 1727987264631032713, 
0.2742461562156677, 0.5941326022148132, 0.9194778358635242, 1727987264660813677, 
-0.28245866298675537, 0.15425139665603638, 0.9056828875238306, 1727987264690764127, 
-0.1945568323135376, 0.3026553988456726, 0.9201151752077582, 1727987264720640758, 
0.12346267700195312, 0.2551138401031494, 0.9072271292534275, 1727987264751343223, 
0.25615769624710083, 0.20490121841430664, 0.8437803241069994, 1727987264782808042, 
-0.36590057611465454, 0.20648175477981567, 0.920188073583153, 1727987264810621834, 
0.35540300607681274, 0.11144000291824341, 0.8695709329270765, 1727987264840531832, 
-0.3204289674758911, 0.6286638379096985, 0.90942200883668, 1727987264870448032, 
-0.12002253532409668, 0.0812983512878418, 0.8943061921831755, 1727987264900421334, 
0.07942664623260498, -0.11292028427124023, 0.8860515171244562, 1727987264930430780, 
0.11707961559295654, 0.14857769012451172, 0.8919749438738933, 1727987264960356485, 
0.03414994478225708, 0.6945593357086182, 0.850014383875601, 1727987264991738413, 
-0.029679834842681885, 0.6177093982696533, 0.8527735332794452, 1727987265023344081, 
-0.014164447784423828, -0.3996819257736206, 1.0177805286405017, 1727987265050240163, 
-0.008237779140472412, -0.014076590538024902, 0.895786677127345, 1727987265080162892, 
-0.19587600231170654, -0.2909948229789734, 0.740706025487051, 1727987265103706593, 
-0.31038373708724976, -0.19179940223693848, 0.9676445094499108, 1727987265140071392, 
-0.5000737309455872, 0.25003325939178467, 0.9053543283498022, 1727987265170085495, 
0.1200830340385437, 0.48857831954956055, 0.9218745707730661, 1727987265200053803, 
-0.10202628374099731, -0.27214890718460083, 0.8397803753768788, 1727987265231985049, 
-0.23415017127990723, 0.5537859797477722, 0.834276350996659, 1727987265263321612, 
0.5272594094276428, 0.6513577103614807, 0.9832027933401202, 1727987265289981829, 
-0.07545244693756104, -0.3049960732460022, 0.8525083264388192, 1727987265319826184, 
-0.2871738076210022, -0.001306295394897461, 0.8341117653577798, 1727987265349825031, 
0.29354411363601685, 0.6176730990409851, 0.8255944976215785, 1727987265379800184, 
0.029268503189086914, 0.3871697783470154, 0.8285428417838887, 1727987265409718116, 
-0.28231173753738403, 0.520438551902771, 0.8490973240223895, 1727987265439683766, 
-0.14947140216827393, 0.4960424304008484, 0.824340328491981, 1727987265471420663, 
0.8585911989212036, -0.4607285261154175, 0.8292915488499569, 1727987265502119870, 
-0.08535915613174438, 0.05305355787277222, 0.9125702489459189, 1727987265529683351, 
-0.2574769854545593, 1.0518453121185303, 0.8491735809838266, 1727987265559518621, 
-0.3350263237953186, -0.24820148944854736, 0.854601429522874, 1727987265589494512, 
0.29987871646881104, -0.07288956642150879, 0.8353526030757811, 1727987265619417856, 
0.5129982829093933, 0.4958229064941406, 0.8121861538638583, 1727987265649433649, 
-0.0979762077331543, 0.18971943855285645, 0.7662973619842799, 1727987265679964353, 
-0.014385461807250977, 0.08029288053512573, 0.7600301830159087, 1727987265711447151, 
-0.07628613710403442, 0.32676035165786743, 0.8194455810677342, 1727987265741402638, 
-0.30102837085723877, 0.29621392488479614, 0.8810920253921951, 1727987265769297085, 
0.2381833791732788, -0.14639991521835327, 0.8145507517794579, 1727987265799213942, 
-0.4355153441429138, 0.3611692190170288, 0.8065732867380698, 1727987265829167067, 
-0.37839019298553467, 1.3073036670684814, 0.8117306858205856, 1727987265859110846, 
-0.23970168828964233, -0.031100809574127197, 0.8149496498079782, 1727987265889120103, 
0.4624013304710388, -0.26587653160095215, 0.7931077764071821, 1727987265919769282, 
0.2687119245529175, 0.3394184708595276, 0.7619534334051978, 1727987265951654548, 
-0.42035818099975586, 0.6693956255912781, 0.8605555310236287, 1727987265979042682, 
0.1424068808555603, -0.054778337478637695, 0.7847505538757849, 1727987266008942795, 
-0.401511013507843, 0.015089452266693115, 0.8224366728188616, 1727987266038924616, 
0.12893164157867432, 0.6926785707473755, 0.835725397336316, 1727987266067900534, 
-0.11084473133087158, 1.2538573741912842, 0.7813995000919387, 1727987266098982011, 
0.021591484546661377, -0.3737759590148926, 0.8018825631412416, 1727987266129180150, 
0.1550379991531372, -0.6099595427513123, 0.8054541579348682, 1727987266159863586, 
-0.17468416690826416, 1.0466269254684448, 0.766505088537549, 1727987266191851970, 
0.4381166696548462, 0.3428676724433899, 0.876430945825277, 1727987266218689637, 
-0.4304195046424866, -0.22831690311431885, 0.7777660878796898, 1727987266248581239, 
-0.4400065541267395, 0.29201197624206543, 0.7834389856400473, 1727987266278571296, 
-0.3044286370277405, 0.588757336139679, 0.7962073611781757, 1727987266308467920, 
0.2845885157585144, 0.20844507217407227, 0.8047720258592683, 1727987266338477866, 
0.2526858448982239, -0.1041685938835144, 0.7662212574374366, 1727987266368462925, 
-0.6057178974151611, 0.5599102973937988, 0.7317509838316809, 1727987266398898544, 
0.0426328182220459, 0.23738962411880493, 0.6807754459149139, 1727987266431855939, 
0.1480148434638977, -0.13700348138809204, 0.9064342718917576, 1727987266458377953, 
0.2724822163581848, 0.4799163341522217, 0.784158782014624, 1727987266488265081, 
-0.32012295722961426, 0.6011599898338318, 0.7546052623970801, 1727987266518247705, 
-0.4141002297401428, 0.3060528039932251, 0.7442651539923903, 1727987266548213783, 
0.45477259159088135, -0.11477750539779663, 0.777778925506558, 1727987266578150355, 
-0.47324860095977783, -0.07735061645507812, 0.781330255250638, 1727987266608111574, 
-0.14196360111236572, 0.8863439559936523, 0.711303476868007, 1727987266639984969, 
0.08208876848220825, 0.6612718105316162, 0.7097099754224645, 1727987266671030523, 
0.16701215505599976, -0.4467726945877075, 0.8258553462713306, 1727987266698081691, 
-0.03977346420288086, -0.16668081283569336, 0.7731392144750598, 1727987266727963393, 
-0.07865101099014282, 1.0255415439605713, 0.7966807538521331, 1727987266756902820, 
0.38453543186187744, 0.22122550010681152, 0.74796432244152, 1727987266787846724, 
-0.2926785945892334, -0.6874935030937195, 0.7486946988178024, 1727987266817819387, 
0.16106891632080078, 0.4117003083229065, 0.7301733114225759, 1727987266847926899, 
-0.20796650648117065, 0.7790682911872864, 0.7226149525101128, 1727987266878462365, 
0.4705929756164551, -0.05621057748794556, 0.7102095432085266, 1727987266908711043, 
0.2332804799079895, -0.12523066997528076, 0.7464891790723709, 1727987266937776556, 
-0.04660665988922119, 0.49363893270492554, 0.7157463006654927, 1727987266967624025, 
0.08731663227081299, 0.7360199093818665, 0.7435663693220671, 1727987266997557901, 
0.2508242130279541, -0.38441383838653564, 0.7448158221545712, 1727987267027541687, 
-0.1675204634666443, -0.1919165849685669, 0.7068110813158831, 1727987267057492923, 
-0.15350669622421265, 1.3300468921661377, 0.7198668991314346, 1727987267087923623, 
-0.9995728135108948, 0.3046340346336365, 0.7303849971990661, 1727987267119572537, 
0.3283565044403076, -0.45965147018432617, 0.8230200894046851, 1727987267147427756, 
0.10608339309692383, 0.0640752911567688, 0.7487964002972215, 1727987267177341563, 
-0.29285359382629395, 0.3446829319000244, 0.7267275858565078, 1727987267207294277, 
-0.263052761554718, 0.568128228187561, 0.7297218120013472, 1727987267237254178, 
-0.07114380598068237, 0.40565580129623413, 0.7084527435698831, 1727987267267225943, 
0.34698551893234253, 0.07096785306930542, 0.684794298564028, 1727987267297142577, 
-0.7470494508743286, 0.3836488723754883, 0.6867245227005087, 1727987267327406602, 
-0.10689407587051392, 0.15635895729064941, 0.6876278408222711, 1727987267358883998, 
-0.016083180904388428, 0.3348308801651001, 0.7898624029876764, 1727987267387098923, 
0.29533153772354126, -0.15309929847717285, 0.7169005140542606, 1727987267417060184, 
-0.005752086639404297, -0.049824059009552, 0.7111064397251874, 1727987267446948940, 
-0.3907927870750427, 0.5062054991722107, 0.7485594005995255, 1727987267475909853, 
0.38787996768951416, 0.6320642232894897, 0.7081005365798438, 1727987267507231161, 
-0.07854515314102173, 0.3616601228713989, 0.7458252998441729, 1727987267536968803, 
0.7019456624984741, 0.8217421770095825, 0.729547265589708, 1727987267567443528, 
-0.6791003346443176, -0.027360081672668457, 0.6604691959128592, 1727987267599987408, 
0.3858908414840698, -0.1062505841255188, 0.8192211568046857, 1727987267626712713, 
-0.29419374465942383, 0.5640029907226562, 0.7261002043247373, 1727987267656683863, 
-0.1868598461151123, 0.4240250587463379, 0.7042104973985974, 1727987267686757733, 
-0.24273157119750977, 0.004368603229522705, 0.7031138590518383, 1727987267716631800, 
-0.07418215274810791, 0.150313138961792, 0.7122226449069627, 1727987267746574587, 
0.19389420747756958, 0.3356584906578064, 0.6992189328498218, 1727987267776517747, 
-0.25699877738952637, 0.49486976861953735, 0.6663202627716507, 1727987267807440381, 
0.3076435327529907, 0.1467847228050232, 0.6339384041013616, 1727987267839722485, 
0.09753960371017456, 0.05546402931213379, 0.7416796285469447, 1727987267867013756, 
-0.21319222450256348, 0.26550549268722534, 0.6798256501197293, 1727987267897033090, 
0.19683367013931274, 0.37673020362854004, 0.6770433523260607, 1727987267927018128, 
-0.4130108952522278, 0.25650036334991455, 0.6608960236072159, 1727987267956284825, 
0.3981822729110718, 0.15745878219604492, 0.6595264866583953, 1727987267986286371, 
-0.15936559438705444, 0.41071420907974243, 0.6840712337266162, 1727987268016264418, 
-0.032791733741760254, -0.35196179151535034, 0.6544366196103159, 1727987268046899815, 
0.04908937215805054, 0.2524031400680542, 0.6025351135964641, 1727987268079059998, 
-0.09954947233200073, 0.6314138770103455, 0.7158091662957746, 1727987268106117786, 
0.11840927600860596, 0.3388410806655884, 0.6827505410807589, 1727987268136073655, 
-0.477348268032074, -0.01219332218170166, 0.7039782168704979, 1727987268166057632, 
0.09255087375640869, 0.05204576253890991, 0.6802286049173872, 1727987268195966816, 
-0.36042529344558716, 0.48641711473464966, 0.6581223917391389, 1727987268226123181, 
0.27793818712234497, 0.24346351623535156, 0.6742653620467342, 1727987268255937797, 
0.16322678327560425, 0.08193153142929077, 0.627174585783392, 1727987268287498147, 
0.04827988147735596, 0.18720757961273193, 0.6441278046904625, 1727987268317803128, 
-0.11331838369369507, 0.019991636276245117, 0.7005416257981436, 1727987268345781270, 
-0.30206769704818726, 0.20284432172775269, 0.6679128212093559, 1727987268375705904, 
-0.10734367370605469, 0.46958231925964355, 0.687822400129293, 1727987268405691467, 
0.1969296932220459, 0.255820095539093, 0.6729375501677628, 1727987268435638860, 
0.05633831024169922, 0.26285892724990845, 0.6657834933991721, 1727987268465568295, 
-0.10485053062438965, 0.06025063991546631, 0.6836451666561592, 1727987268496096912, 
-0.21677500009536743, 0.5728649497032166, 0.6371998089536238, 1727987268528049424, 
0.6198225021362305, 0.6217592358589172, 0.6982812955558051, 1727987268555596419, 
-0.7410546541213989, 0.019119560718536377, 0.6232831338010926, 1727987268585477331, 
-0.446017861366272, -0.255543053150177, 0.6306185240114015, 1727987268615415746, 
-0.19488531351089478, 0.04682344198226929, 0.6643045256857607, 1727987268645342339, 
0.0628238320350647, 0.5368247628211975, 0.6811340830013182, 1727987268675302894, 
0.12269556522369385, 0.5384539365768433, 0.6511791581824091, 1727987268705299915, 
-0.28928130865097046, 0.3528716564178467, 0.6413348948942167, 1727987268735523747, 
0.30683261156082153, 0.3510485887527466, 0.6053366251969623, 1727987268767502183, 
-0.5659634470939636, 0.16618549823760986, 0.6845959633618117, 1727987268795186994, 
-0.081562340259552, -0.2111683487892151, 0.6192654920851027, 1727987268825093896, 
0.09624820947647095, 0.30678248405456543, 0.61760825258699, 1727987268855047526, 
0.36867696046829224, 0.27601176500320435, 0.6395257351112141, 1727987268885026352, 
-0.0221327543258667, 0.2266358733177185, 0.6362567017999824, 1727987268915014503, 
-0.055657029151916504, 0.1365445852279663, 0.6191741062047127, 1727987268944978157, 
0.577335774898529, -0.0889354944229126, 0.6255158756245981, 1727987268975756567, 
-0.5337620973587036, 0.6466686725616455, 0.6256672248311633, 1727987269007951540, 
0.15565043687820435, 0.2815043330192566, 0.7047721903923138, 1727987269035104737, 
-0.40998131036758423, 0.4630061388015747, 0.625627336952671, 1727987269065398887, 
0.23442953824996948, 0.5419380068778992, 0.6577266231861465, 1727987269094750582, 
0.40793031454086304, -0.07482290267944336, 0.6526710085106211, 1727987269124669505, 
0.09936559200286865, -0.5035237669944763, 0.6444880790696731, 1727987269154669288, 
-0.06477212905883789, 0.048480212688446045, 0.6360697111931036, 1727987269184638778, 
0.07850772142410278, 0.7532204389572144, 0.6292949486470317, 1727987269215610275, 
0.061266303062438965, 0.7129256725311279, 0.6111000999747964, 1727987269247705063, 
-0.09180742502212524, -0.2318326234817505, 0.6947948060651405, 1727987269274549586, 
0.6300053000450134, -0.3764537572860718, 0.6207887760221786, 1727987269304424467, 
-0.16834688186645508, 0.065005362033844, 0.5906605988544682, 1727987269334378827, 
0.06442445516586304, 0.5925906300544739, 0.5862010045786243, 1727987269364363737, 
-0.1818358302116394, 0.7539933919906616, 0.6118322637040106, 1727987269394326625, 
0.17922842502593994, 0.18982237577438354, 0.5813228964972748, 1727987269424292140, 
0.5739068388938904, -0.37583625316619873, 0.5505618356895394, 1727987269456186902, 
-0.006041109561920166, 0.12298703193664551, 0.5807696260675697, 1727987269487537411, 
0.22266459465026855, 0.17986583709716797, 0.6754842718268411, 1727987269514196267, 
0.016045808792114258, 0.38891834020614624, 0.5900062050369659, 1727987269544100894, 
-0.20313411951065063, 0.006221473217010498, 0.5888596194242227, 1727987269574101264, 
0.2371930480003357, 0.1395026445388794, 0.6205684127052922, 1727987269604041162, 
0.10981976985931396, 0.5083670020103455, 0.6353412444901675, 1727987269633978857, 
-0.004355013370513916, 0.20288759469985962, 0.6139128931881689, 1727987269664010462, 
-0.3228991627693176, -0.07426464557647705, 0.5780347708709471, 1727987269695573209, 
0.4887584447860718, -0.036518990993499756, 0.6140734155334289, 1727987269726744234, 
-0.35057175159454346, 0.5875640511512756, 0.696554103521994, 1727987269752907333, 
0.023062169551849365, 0.9872384071350098, 0.5676383581991734, 1727987269783793842, 
-0.2338494062423706, -0.18090510368347168, 0.605813498212805, 1727987269813715927, 
0.25330013036727905, -0.3515220284461975, 0.6063710810863648, 1727987269843697125, 
-0.13069099187850952, -0.3063122630119324, 0.6002860828962197, 1727987269873709012, 
-0.0017701983451843262, 0.32857203483581543, 0.5824394120174454, 1727987269904047990, 
0.4975999593734741, 1.0474309921264648, 0.5671393662100732, 1727987269935578587, 
-0.4722979664802551, 0.5150776505470276, 0.5902710379333056, 1727987269965629813, 
0.14605849981307983, 0.20917844772338867, 0.6133053147542228, 1727987270003488396, 
-0.42093557119369507, 1.2754499912261963, 0.5985164075817948, 1727987270033469115, 
-0.1707581877708435, 0.16705840826034546, 0.6084686247040559, 1727987270063587733, 
-0.017287611961364746, -0.5940923094749451, 0.5678613972452813, 1727987270096191825, 
0.4981148838996887, 0.02173292636871338, 0.6570508918233822, 1727987270123368542, 
-0.1995489001274109, 0.30976754426956177, 0.5690316388830197, 1727987270153322286, 
-0.6230305433273315, 0.475890576839447, 0.5782365218590765, 1727987270183254865, 
0.2762700319290161, 0.1678619384765625, 0.584563235879252, 1727987270213215781, 
-0.3301652669906616, 0.5290806293487549, 0.5752531250406326, 1727987270243212941, 
0.07332420349121094, 0.3093160390853882, 0.5677892132492001, 1727987270273190665, 
-0.014351189136505127, -0.1955960988998413, 0.5662030965880367, 1727987270303579334, 
-0.3100185990333557, 0.04700952768325806, 0.5403250759776335, 1727987270335791768, 
0.252636194229126, 0.18648958206176758, 0.6217736397693646, 1727987270363101077, 
-0.6057112812995911, 0.03074955940246582, 0.5714948906628918, 1727987270393051085, 
0.8607836365699768, 0.605195164680481, 0.594102160397813, 1727987270421982311, 
-0.578972339630127, 0.5654126405715942, 0.5984735205775336, 1727987270452028063, 
0.5302315950393677, -0.021149039268493652, 0.5715300225145148, 1727987270483135220, 
-0.08895570039749146, 1.0058215856552124, 0.595420386914124, 1727987270512849199, 
0.49769115447998047, 0.07528108358383179, 0.5859221669033351, 1727987270544220167, 
-0.12580960988998413, -0.2763051986694336, 0.5474191070945035, 1727987270575861334, 
0.19584804773330688, -0.14260369539260864, 0.6150750407118425, 1727987270603044256, 
-0.12503653764724731, -0.07954621315002441, 0.5773146848937508, 1727987270632697974, 
-0.1961870789527893, 0.6036996841430664, 0.5811966114724849, 1727987270662694578, 
-0.057902395725250244, 0.7642645239830017, 0.553754250235608, 1727987270692515340, 
-0.1195330023765564, 0.34588366746902466, 0.5267287856836366, 1727987270722521161, 
0.4566272497177124, -0.30291080474853516, 0.542533036067246, 1727987270752576360, 
0.10189926624298096, -0.06269550323486328, 0.5379821509900761, 1727987270783607015, 
0.25416243076324463, 0.37325507402420044, 0.49775069549549966, 1727987270815789418, 
-0.046668827533721924, 0.29537343978881836, 0.5788613730917329, 1727987270842604470, 
-0.2573401927947998, 0.07171350717544556, 0.531306515382931, 1727987270872479831, 
-0.3240916132926941, -0.10777503252029419, 0.5306991480404634, 1727987270902531516, 
0.5829602479934692, 0.36267292499542236, 0.5281909051491386, 1727987270932489932, 
0.1312379240989685, 0.5940306186676025, 0.5468263153247528, 1727987270962452278, 
-0.3608684539794922, -0.020132064819335938, 0.5515043213829758, 1727987270992388098, 
0.23031342029571533, -0.08818572759628296, 0.5214388988843542, 1727987271023742036, 
-0.14994055032730103, 0.06182485818862915, 0.5224237835257785, 1727987271055083108, 
-0.10928291082382202, -0.2989983558654785, 0.6072586649197785, 1727987271082338222, 
-0.3639134168624878, 0.6250453591346741, 0.5875797985335572, 1727987271112323031, 
0.26193559169769287, 0.7351176738739014, 0.5702353211213278, 1727987271142344486, 
0.001833200454711914, 0.38825559616088867, 0.5498359830672096, 1727987271172391932, 
-0.3428696393966675, -0.24874955415725708, 0.5324749261694393, 1727987271202370104, 
0.18263381719589233, 0.040268659591674805, 0.5420511004895668, 1727987271232401484, 
0.2224804162979126, 0.5357134342193604, 0.5318682743147047, 1727987271263710799, 
-0.05100637674331665, -0.1256435513496399, 0.5253691582971108, 1727987271293739263, 
-0.38635027408599854, -0.2168845534324646, 0.555804731520209, 1727987271322375124, 
0.1755462884902954, 0.02548760175704956, 0.5502592775282803, 1727987271352314603, 
0.010687291622161865, 0.6578971743583679, 0.5368739796323473, 1727987271382247488, 
-0.4587528109550476, 0.939426064491272, 0.5085618495942117, 1727987271412228214, 
0.09938007593154907, -0.03254765272140503, 0.5215885189258262, 1727987271442248626, 
0.1641470193862915, -0.23475384712219238, 0.5397688884986607, 1727987271472241250, 
0.2100592851638794, 0.18263548612594604, 0.5116219664764154, 1727987271504113825, 
-0.3028629422187805, -0.0593072772026062, 0.596312534851805, 1727987271531477906, 
0.35987991094589233, 0.28753846883773804, 0.5464359525501736, 1727987271561427675, 
0.07529604434967041, 0.24019509553909302, 0.533472461933494, 1727987271591304991, 
-0.49611568450927734, -0.011026978492736816, 0.5151964252671051, 1727987271621338843, 
-0.07836252450942993, 0.057868897914886475, 0.5381377737460107, 1727987271651273648, 
0.22653204202651978, 0.5671051740646362, 0.5683502097877701, 1727987271681269601, 
0.13652557134628296, 0.30472666025161743, 0.527792384219801, 1727987271711949715, 
-0.030847012996673584, -0.06471318006515503, 0.471218830734603, 1727987271743697889, 
0.49595922231674194, -0.3047181963920593, 0.5273861199402889, 1727987271771101585, 
-0.3285953402519226, 0.12788736820220947, 0.49381639346661305, 1727987271801109145, 
-0.06152862310409546, 0.6474694609642029, 0.5252307745618301, 1727987271830075637, 
-0.2583155632019043, 0.6182689666748047, 0.5342682804810224, 1727987271861046463, 
-0.1361081600189209, -0.04047805070877075, 0.553469839677239, 1727987271891088528, 
0.07771795988082886, 0.16748744249343872, 0.550466899333293, 1727987271921074164, 
0.06001836061477661, 0.6778775453567505, 0.5161158941182573, 1727987271952253252, 
-0.10896682739257812, 0.007076561450958252, 0.5045294698349675, 1727987271983706950, 
-0.047715723514556885, -0.09310543537139893, 0.6146783417263325, 1727987272009895306, 
0.026802003383636475, 0.7293449640274048, 0.5098508491893751, 1727987272040761168, 
-0.0936657190322876, 0.3246347904205322, 0.5188762095870864, 1727987272070686112, 
-0.034840404987335205, -0.5779041051864624, 0.5228610126773319, 1727987272100674965, 
0.14924383163452148, -0.21377670764923096, 0.5371688971577323, 1727987272130580386, 
0.11396926641464233, 0.17390817403793335, 0.5234646752735926, 1727987272160561713, 
-0.2732475996017456, 0.15469831228256226, 0.4666320310756737, 1727987272191928993, 
-0.6433848142623901, 0.33424150943756104, 0.44855640218191767, 1727987272224040672, 
0.3570704460144043, 0.23201137781143188, 0.555171369077618, 1727987272250488076, 
-0.06578987836837769, 0.11002594232559204, 0.4928000653425594, 1727987272280413806, 
-0.4476224184036255, -0.3099665641784668, 0.4069907701395849, 1727987272303721833, 
-0.19027847051620483, 0.22667676210403442, 0.5503868399279391, 1727987272340328870, 
0.40612441301345825, 0.1596524715423584, 0.5031833565487689, 1727987272370502591, 
-0.0064261555671691895, 0.06286066770553589, 0.5003958766984451, 1727987272400302933, 
-0.2575894594192505, -0.33464521169662476, 0.46661455694154336, 1727987272432152874, 
-0.13360285758972168, 0.17696011066436768, 0.49089823940455685, 1727987272463270702, 
0.010161161422729492, 1.096096396446228, 0.5616760093323551, 1727987272490189664, 
-0.5143848657608032, 0.27081018686294556, 0.5108337836878544, 1727987272520072055, 
-0.33082884550094604, -0.31697148084640503, 0.5321986234565451, 1727987272548989239, 
0.7932837009429932, 0.14770984649658203, 0.5293899999269548, 1727987272580003616, 
0.027320802211761475, 0.3456984758377075, 0.530095558535644, 1727987272609958908, 
0.09945428371429443, -0.15541070699691772, 0.49421430706628816, 1727987272640002904, 
-0.10306096076965332, 0.11336487531661987, 0.4467853294399447, 1727987272672094676, 
0.10315799713134766, -0.02088487148284912, 0.4976001295859012, 1727987272701783190, 
-0.4250756502151489, 0.11837190389633179, 0.5133096550204176, 1727987272729820351, 
0.0055694580078125, 0.4499530792236328, 0.4789967613173148, 1727987272759735869, 
0.6802460551261902, 0.02466672658920288, 0.45979172693806114, 1727987272781651118, 
-0.3536612391471863, 0.2434788942337036, 0.5037619718285269, 1727987272819657135, 
-0.2530679702758789, 0.08799868822097778, 0.4583645045301756, 1727987272849609039, 
-0.05571025609970093, 0.15142583847045898, 0.47047777855279393, 1727987272878887310, 
0.03899359703063965, 0.262381374835968, 0.42477174280800584, 1727987272912654746, 
-0.1297207474708557, 0.4986933469772339, 0.52753554763156, 1727987272939566324, 
-0.5671669840812683, -0.4075162410736084, 0.46687869032108215, 1727987272969507192, 
0.4150623083114624, -0.5137672424316406, 0.5067054532044168, 1727987272999457746, 
-0.3216860890388489, 1.0058671236038208, 0.5250645402754694, 1727987273029380850, 
0.04738718271255493, 0.1939631700515747, 0.49749017803905726, 1727987273059356876, 
-0.4861775040626526, -0.2028491497039795, 0.49562720054304615, 1727987273089322638, 
0.6561757326126099, 0.0717008113861084, 0.48407863849739324, 1727987273120198854, 
0.07467150688171387, 0.30360978841781616, 0.468677370524246, 1727987273151839017, 
0.34677547216415405, 0.1668962836265564, 0.5279255159144465, 1727987273179321600, 
-0.11151236295700073, 0.19412410259246826, 0.48315839906691027, 1727987273209154178, 
0.36957865953445435, 0.43227410316467285, 0.4896488866188397, 1727987273239094284, 
0.265188992023468, -0.2680041790008545, 0.49252763054163706, 1727987273269065131, 
0.1709587574005127, -0.45194464921951294, 0.49825251373402507, 1727987273299019570, 
0.2258121371269226, 0.13725781440734863, 0.5133300980400488, 1727987273328978925, 
-0.49260276556015015, 0.2783507704734802, 0.4727174278003654, 1727987273360379287, 
0.7939080595970154, 0.33955591917037964, 0.44931626630541155, 1727987273391948945, 
-0.4177623987197876, -0.32123637199401855, 0.5211775473943883, 1727987273418985675, 
0.25627321004867554, -0.10853958129882812, 0.48163889180061153, 1727987273448916476, 
-0.32548195123672485, 0.1523679494857788, 0.5116545910236902, 1727987273477871653, 
0.40786898136138916, -0.05751633644104004, 0.46915987748533566, 1727987273508687560, 
-0.48661357164382935, 0.09026414155960083, 0.47013605914030426, 1727987273538687458, 
0.6144803762435913, 0.35933929681777954, 0.4763129930823088, 1727987273568645362, 
-0.255812406539917, 0.30029457807540894, 0.4350971521163305, 1727987273599943348, 
-0.4215781092643738, 0.11847984790802002, 0.41253268318318725, 1727987273631625003, 
0.1711256504058838, 0.17265582084655762, 0.5072858363676894, 1727987273658640508, 
-0.4234299659729004, 0.4200524687767029, 0.47143660928618925, 1727987273688483580, 
0.5873409509658813, 0.6801304221153259, 0.4599630993428917, 1727987273718428503, 
-0.23015302419662476, -0.368278443813324, 0.4479693495483526, 1727987273748402119, 
0.5085687041282654, -0.6082338690757751, 0.4653455610612326, 1727987273778560657, 
-0.051686108112335205, -0.04591202735900879, 0.515679306917094, 1727987273808294205, 
0.33175456523895264, 0.25176942348480225, 0.4640398548467818, 1727987273840049808, 
-0.28468966484069824, 0.6302964091300964, 0.4398329503065039, 1727987273871574655, 
-0.29680222272872925, 0.14021259546279907, 0.5373881829517021, 1727987273898271491, 
-0.3212207555770874, -0.01570671796798706, 0.5019212015119605, 1727987273927115693, 
0.10062503814697266, 0.5672720074653625, 0.46820891818474075, 1727987273958130523, 
0.119931161403656, 0.37442201375961304, 0.49832649484803093, 1727987273988057877, 
-0.15969014167785645, 0.47784119844436646, 0.4853679809332427, 1727987274018018154, 
0.34667909145355225, 0.13334763050079346, 0.4783276451696218, 1727987274048318958, 
0.06839364767074585, -0.3508061170578003, 0.4538963669593193, 1727987274080011965, 
0.535399854183197, -0.04399573802947998, 0.5154878900881983, 1727987274107978472, 
-0.1509305238723755, 0.26121604442596436, 0.47407460047187405, 1727987274137940084, 
0.07908672094345093, -0.11580318212509155, 0.45416820396825214, 1727987274167852193, 
-0.011461615562438965, -0.2808558940887451, 0.4290173703908885, 1727987274197769283, 
-0.07166016101837158, 0.004297137260437012, 0.41206365215893587, 1727987274227738081, 
-0.1696692705154419, 0.46644335985183716, 0.40586399953079183, 1727987274257739273, 
-0.005649089813232422, 0.3667011857032776, 0.4350635619165982, 1727987274288052226, 
0.004579067230224609, 0.4707346558570862, 0.44797863914815883, 1727987274320443941, 
-0.30505549907684326, -0.09438973665237427, 0.51686965089834, 1727987274347635128, 
0.3911387324333191, 0.2651430368423462, 0.45586144586287164, 1727987274377608757, 
0.11106061935424805, 0.41810470819473267, 0.47961092165822977, 1727987274407486602, 
-0.49889498949050903, 0.26502853631973267, 0.4811069359240572, 1727987274437490270, 
0.5524786710739136, 0.1792547106742859, 0.47843294576553785, 1727987274467408240, 
0.2859669327735901, -0.06233847141265869, 0.4903301923981385, 1727987274497373090, 
0.20664101839065552, -0.057066261768341064, 0.48106342931433566, 1727987274527843964, 
0.2280522584915161, 0.25641196966171265, 0.4457764884443279, 1727987274560110016, 
0.5244156122207642, 0.022086620330810547, 0.5018749821793367, 1727987274587328118, 
-0.003626406192779541, -0.24498409032821655, 0.44824015237681497, 1727987274617234188, 
-0.030792593955993652, -0.2691711187362671, 0.4605085908920115, 1727987274646177560, 
-0.5652322173118591, 0.18131721019744873, 0.44293760968458495, 1727987274677134905, 
-0.16878563165664673, 0.6057190299034119, 0.4580553644257554, 1727987274707132955, 
-0.6203135251998901, -0.2013164758682251, 0.45521034044557984, 1727987274737121632, 
0.24553942680358887, -0.09408938884735107, 0.42565968536637744, 1727987274768344007, 
-0.10613799095153809, 0.40145498514175415, 0.4125292925299927, 1727987274800321037, 
-0.4726049304008484, 0.5712870359420776, 0.48671968195584914, 1727987274827027045, 
0.0769231915473938, 0.5975040793418884, 0.419290802988599, 1727987274856886628, 
-0.25078821182250977, 0.3822339177131653, 0.40558522305627026, 1727987274887569369, 
-0.4580957293510437, 0.05451768636703491, 0.4256472946694642, 1727987274917550425, 
0.0736769437789917, 0.799235463142395, 0.4646378945688224, 1727987274947357236, 
0.42090022563934326, 0.2705347537994385, 0.45923999368704826, 1727987274977419189, 
-0.1515318751335144, -0.028992295265197754, 0.44971324861926004, 1727987275006888954, 
0.4143962860107422, 0.2594867944717407, 0.42418366544416186, 1727987275038908416, 
-0.23992621898651123, 0.4496992230415344, 0.5249636066455378, 1727987275066633001, 
-0.08689051866531372, 0.01469486951828003, 0.47638007379563485, 1727987275096576196, 
-0.4196411967277527, -0.3982574939727783, 0.44501622946249914, 1727987275126574285, 
0.19474363327026367, -0.17707127332687378, 0.4508643023684647, 1727987275156563664, 
0.4457011818885803, 0.4256240129470825, 0.4532992928934072, 1727987275186475390, 
-0.7177487015724182, 0.11279988288879395, 0.423038460489532, 1727987275216528850, 
0.46425676345825195, -0.07189476490020752, 0.3952307120394076, 1727987275248325104, 
-0.5489790439605713, -0.33512669801712036, 0.42015582250642414, 1727987275279170078, 
0.664730966091156, 0.09298568964004517, 0.4834589391977724, 1727987275306298322, 
-0.6510913372039795, 0.6800203919410706, 0.4372749890341884, 1727987275336248775, 
0.3381776809692383, 0.05796551704406738, 0.4530082234180509, 1727987275366378855, 
-0.37641793489456177, 0.1624584197998047, 0.4676343480670195, 1727987275396139902, 
-0.19646602869033813, 0.5210700035095215, 0.45043972563506524, 1727987275426152884, 
0.5419579744338989, -0.007494211196899414, 0.44156109338956373, 1727987275456151818, 
-0.7052028179168701, 0.653022825717926, 0.4223568439690475, 1727987275487932069, 
-0.010336041450500488, 0.4916521906852722, 0.4653410760872106, 1727987275516045275, 
-0.1284446120262146, -0.29857581853866577, 0.42645270014107023, 1727987275546000560, 
0.9414799213409424, 0.05796164274215698, 0.4490131879470411, 1727987275574907358, 
0.07930022478103638, 0.7058601975440979, 0.4094353500701309, 1727987275604909690, 
-0.3749116063117981, 0.17083418369293213, 0.39307129654200107, 1727987275635858259, 
-0.04439520835876465, -0.5020630359649658, 0.4366217657089652, 1727987275665793060, 
0.0528067946434021, 0.09924018383026123, 0.45127439108791767, 1727987275696438597, 
0.17947030067443848, 0.2160748839378357, 0.4019523722531624, 1727987275728344730, 
0.015049278736114502, -0.02544468641281128, 0.46023416433119474, 1727987275755752227, 
0.09912979602813721, 0.28502321243286133, 0.4449997465969704, 1727987275785653025, 
-0.4767962694168091, -0.09808510541915894, 0.42182120086137687, 1727987275815624526, 
0.26840418577194214, -0.0416560173034668, 0.4200804262927135, 1727987275845572826, 
-0.107014000415802, 0.2764108180999756, 0.4527742767402997, 1727987275875485297, 
0.11524808406829834, 0.0651969313621521, 0.4310829229486728, 1727987275905524416, 
0.1597214937210083, 0.4561924338340759, 0.3994530798504664, 1727987275935977224, 
-0.0463901162147522, 0.3124770522117615, 0.3991929192109867, 1727987275967936251, 
0.050112903118133545, -0.09247833490371704, 0.46328664201503933, 1727987275995422803, 
0.07948553562164307, 0.4289926290512085, 0.423038224088093, 1727987276025356095, 
0.20317411422729492, 0.3445863723754883, 0.4192094617949327, 1727987276055258204, 
-0.10861742496490479, -0.09609514474868774, 0.43105336676304085, 1727987276085239645, 
-0.20113462209701538, -0.05965811014175415, 0.43114057814308343, 1727987276115195174, 
-0.13944196701049805, 0.36050301790237427, 0.4152837467602347, 1727987276145148584, 
0.7486650943756104, 0.7598103284835815, 0.39528228944767185, 1727987276176338337, 
-0.27092987298965454, -0.32894861698150635, 0.3819994031651233, 1727987276208284943, 
-0.017618238925933838, -0.18459159135818481, 0.4555447622872598, 1727987276235097052, 
-0.2923346161842346, 0.12033522129058838, 0.42378063157214485, 1727987276265029620, 
-0.02473074197769165, -0.15823376178741455, 0.41992171667563244, 1727987276295020606, 
0.27458417415618896, -0.06912773847579956, 0.41550985682322, 1727987276325214439, 
0.5936905741691589, 0.09451431035995483, 0.4357434166284538, 1727987276354921868, 
-0.15158182382583618, -0.05379784107208252, 0.4552359656319376, 1727987276383891449, 
0.003763258457183838, 0.7677764296531677, 0.4149957022648927, 1727987276416216002, 
0.016076505184173584, -0.15111064910888672, 0.41124983981861546, 1727987276447693705, 
-0.5958706140518188, -0.6373618245124817, 0.47017473243316443, 1727987276474775537, 
0.27371275424957275, 0.1086663007736206, 0.4518090810071475, 1727987276504676752, 
-0.5829247832298279, 0.358503520488739, 0.45165108733496506, 1727987276534631175, 
0.8191918134689331, 0.17751818895339966, 0.4012343276755449, 1727987276564581757, 
-0.6778327226638794, -0.2767540216445923, 0.35957331766175826, 1727987276594568451, 
-0.28018659353256226, -0.16151809692382812, 0.38004921032896194, 1727987276624526150, 
-0.6959333419799805, 0.6765680313110352, 0.38348317097290074, 1727987276655939135, 
0.15923333168029785, 0.09482288360595703, 0.3709763900570599, 1727987276687578578, 
-0.12681537866592407, -0.06636106967926025, 0.4088139765715263, 1727987276714539930, 
-0.07603883743286133, -0.2236204743385315, 0.3687677589058809, 1727987276744280531, 
-0.4889429211616516, -0.016862928867340088, 0.3870037412617064, 1727987276773298972, 
-0.5745328068733215, 0.5797873139381409, 0.3545673222041826, 1727987276804260834, 
0.3037574887275696, 0.48724889755249023, 0.40736308677660454, 1727987276834185767, 
-0.34960728883743286, 0.3815016746520996, 0.4162652361973614, 1727987276864240667, 
-0.15710824728012085, 0.09319710731506348, 0.39402949231394596, 1727987276895964037, 
0.29283225536346436, -0.10701191425323486, 0.43899104965410174, 1727987276926066248, 
0.5601286888122559, 0.714654803276062, 0.46853278360075895, 1727987276954045530, 
-0.149056077003479, 0.6450116634368896, 0.41892848275874295, 1727987276984186037, 
-0.42128002643585205, -0.08477693796157837, 0.3732623018832802, 1727987277006106038, 
0.18158560991287231, -0.11681991815567017, 0.42956523633046273, 1727987277042904877, 
0.05964559316635132, 0.3849552273750305, 0.3668195664027611, 1727987277073920507, 
-0.3465515971183777, -0.06435006856918335, 0.35901145754830677, 1727987277104018294, 
0.12820333242416382, 0.09694164991378784, 0.34021868073464306, 1727987277136410058, 
0.4450497627258301, -0.04115927219390869, 0.4244509675183816, 1727987277163827792, 
-0.5645313858985901, 0.011407554149627686, 0.3648931522446448, 1727987277193782465, 
0.4557836651802063, -0.1854327917098999, 0.38961509620646484, 1727987277223678970, 
-0.05369389057159424, 0.2101650834083557, 0.4383203192349298, 1727987277253676680, 
0.15440815687179565, -0.04416370391845703, 0.39255476878813234, 1727987277283640191, 
0.15358197689056396, -0.10549145936965942, 0.33234874881739557, 1727987277313585201, 
0.38787537813186646, -0.28731125593185425, 0.3435085538267253, 1727987277344026222, 
-0.1502944827079773, -0.07221055030822754, 0.31735907263184565, 1727987277376257223, 
-0.22665637731552124, 0.9532026052474976, 0.3699268678925919, 1727987277403539196, 
-0.05061745643615723, -0.15737617015838623, 0.3943407783464659, 1727987277433392912, 
-0.4980747699737549, -0.1922832727432251, 0.42587064495301513, 1727987277462355769, 
0.15066522359848022, -0.0027862191200256348, 0.4065945478060876, 1727987277492346098, 
-0.31943458318710327, 0.21594274044036865, 0.4042470412207819, 1727987277523255097, 
0.2807999849319458, 0.4328363537788391, 0.4040036674110537, 1727987277553282188, 
-0.37682580947875977, 0.053879618644714355, 0.36346090916266394, 1727987277584466639, 
0.12265950441360474, 0.044898927211761475, 0.34806773993332585, 1727987277616333926, 
-0.2777513265609741, 0.12723761796951294, 0.4108121834225884, 1727987277643104004, 
-0.016078472137451172, 0.1902948021888733, 0.3527526221189848, 1727987277673121349, 
-0.2958894968032837, 0.6580850481987, 0.35421861047215836, 1727987277703108008, 
0.2040448784828186, 0.15864545106887817, 0.3865121684472504, 1727987277733056722, 
-0.09245705604553223, 0.10344266891479492, 0.40339868066613943, 1727987277763065204, 
0.320063054561615, 0.672558069229126, 0.37987004039678285, 1727987277793389333, 
-0.5051707625389099, -0.008694887161254883, 0.38315667341241916, 1727987277824363700, 
0.004844248294830322, -0.22888463735580444, 0.39112567987406677, 1727987277855557098, 
-0.3231366276741028, 0.6158811450004578, 0.4299050423394001, 1727987277883084933, 
-0.08716577291488647, 0.22787261009216309, 0.3519217309495052, 1727987277913077297, 
0.17429876327514648, 0.3223004937171936, 0.3688068323026674, 1727987277941944863, 
